address_uuid;build_year;floor_number;residential_area;wall_type;roof_area_total;roof_area_metal;roof_area_web;roof_area_piece_goods
82c2ad6e-27db-4541-8e5d-00163bbe622e;1976;5;4621.250;Блоки;1234.000;0.000;1234.000;0.000
e68f3476-3f10-4374-b682-00de840dae3c;1978;5;2746.540;ж/б блок;1078.550;0.000;1078.550;0.000
e9eb42b5-40b1-459b-b75d-00e01b3dca51;1975;5;5484.050;Кирпич;1835.000;0.000;1835.000;0.000
62f5beff-2753-490c-8115-01cfa320ee40;2002;10;9641.170;Кирпич;1866.000;0.000;1866.000;0.000
90d1cab6-1aa0-4c28-9df9-01f930e6dede;1967;5;1984.200;Кирпич;903.000;0.000;0.000;903.000
623da0de-ef52-484d-8063-02962bb87e9e;1970;5;2924.720;Блоки;1036.000;0.000;1036.000;0.000
4772dc31-92ed-4bc5-ad61-02bb97c68a59;1964;5;3293.680;Кирпич;1186.000;0.000;0.000;1186.000
60bd6606-7e08-47b6-aef4-0495e5c77446;1990;9;6237.570;Панели железобетонные;1050.000;0.000;1050.000;0.000
460edd97-5b51-4538-b502-04a49778b4a1;1985;2;370.550;Кирпич;259.400;0.000;259.400;0.000
0e282991-d3ed-4f15-a878-05d235ca34e5;1975;2;563.030;Кирпич;542.000;0.000;0.000;542.000
85c94654-3955-49b4-81a0-05fa8a6d118d;1992;9;5399.830;Панели железобетонные;861.000;0.000;861.000;0.000
a20c348a-f29d-4ff6-a97b-062eb8c88de0;1990;9;2439.650;Кирпич;546.400;0.000;546.400;0.000
727ce93c-1e4a-43e7-a9a4-07274dabe8a1;1991;9;6266.800;Панели железобетонные;988.000;0.000;988.000;0.000
724dcbad-b9b7-48b9-b4d5-0a48356638d3;1984;5;4474.520;Панели железобетонные;1250.000;0.000;1250.000;0.000
927aeffe-0842-4894-8ada-0a91ccdf1692;1967;5;3033.270;Кирпич;2929.600;530.000;2000.000;530.000
61bdf276-06dd-4344-a7b1-0a986aa7f07a;1976;9;4181.910;Кирпич;759.900;0.000;759.900;0.000
e1b4025c-c231-4670-a0a8-0b0a29a09b79;1979;5;4601.510;Блоки;1215.000;0.000;1215.000;0.000
641292c3-b381-490d-8cf0-0b67d5fb19cb;1965;5;2851.550;Кирпич;1113.000;0.000;1113.000;0.000
1d560926-0842-47a4-be01-0c769b993dbe;1973;5;6205.900;Блоки;1715.000;0.000;1745.000;0.000
9c60bf12-7800-453d-93c5-0d17aa987f0e;1996;5;2087.430;Кирпич;683.000;0.000;683.000;0.000
4e91971b-761d-45c3-83cb-0dd19288e303;1998;5;1354.110;Кирпич;NULL;40.000;400.000;0.000
0e08a852-15f9-4fb2-8971-0dd7a6a55b97;1964;2;628.280;Кирпич;578.000;0.000;0.000;578.000
1068268f-ce72-47f9-be38-0e7feef4293c;1975;5;3314.260;Блоки;1015.000;0.000;1015.000;0.000
d289071d-fc5a-4a92-9a59-0eba5d446cd2;1978;5;6204.920;Блоки;1874.000;0.000;1874.000;0.000
e7e21d61-7891-4db0-9a88-0fe3de314aaa;1976;5;4595.780;Блоки;1307.000;0.000;1307.000;0.000
38f8b40a-bb72-4828-a37d-101231ebba95;1993;9;4235.140;Панели железобетонные;679.000;0.000;679.000;0.000
92a6d9c7-6251-43ff-a6f1-10eb04b138dc;1986;9;7632.220;Кирпич;1263.000;0.000;1263.000;0.000
333e77ed-f2c8-4fbf-b257-1108b077933a;2000;9;4286.020;Панели железобетонные;800.000;0.000;800.000;0.000
98ad88a0-2265-4075-a2e4-11883e6bbb90;1991;9;2498.270;Кирпич;339.000;0.000;339.000;0.000
2193141c-410f-4828-993e-12f9422d1d5d;1963;5;3434.960;Кирпич;1080.000;0.000;0.000;1080.000
2cd0c73d-4576-4563-8dbc-13226e6f616f;1990;9;5425.200;Панели железобетонные;1022.000;0.000;1022.000;0.000
bef36531-9088-403a-aa21-1404df42873d;1975;5;4569.500;Блоки;1245.000;0.000;1245.000;0.000
21a3a182-46c1-4ba7-bc91-1512b1197bea;1995;9;5449.450;Панели железобетонные;848.000;0.000;848.000;0.000
a5de8ac1-ae04-4ee0-a0ee-15159cfbac05;1979;12;3927.620;Кирпич;574.000;0.000;574.000;0.000
349622e0-db6c-4ad4-aee8-15363964112f;1983;9;3601.420;Панели железобетонные;536.200;0.000;688.000;0.000
aa13b9ce-a041-46db-8aa4-155ff6048a50;1992;9;4431.600;Панели железобетонные;412.900;0.000;712.900;0.000
d6d2b50b-4cf9-42c5-840f-15888e1c611f;1966;5;3545.380;Блоки;1100.000;0.000;0.000;1100.000
608bef0c-072a-46a9-9d31-169e10478484;1959;3;993.430;Кирпич;616.000;0.000;0.000;616.000
f420a29e-e437-42fe-b273-178acb15f510;1977;5;5312.530;Блоки;1631.000;0.000;1631.000;0.000
f5d57ae5-3807-498a-a18e-188fdd3262f1;1989;5;4206.500;Кирпич;1358.000;0.000;1358.000;0.000
a7ac2f9d-fd78-49df-81e0-191ee192f11d;1971;5;3454.100;Блоки;893.000;0.000;893.000;0.000
c88fda55-e422-4511-887a-1991701e015f;1971;5;4541.830;Блоки;1199.520;0.000;1371.000;0.000
167a1df1-882a-439a-8119-19991d89d7c6;1996;12;3443.280;Кирпич;528.000;0.000;561.000;0.000
167a1df1-882a-439a-8119-19991d89d7c6;1996;NULL;NULL;Кирпич;528.000;NULL;NULL;NULL
acab0a0b-ecfb-44db-9527-1b16e289ebc3;1985;5;5346.500;ж/б блок;1856.770;0.000;1856.770;0.000
3b640ac1-be90-4f1c-aeb6-1b73f5c59bd6;2002;9;2507.400;Кирпич;290.000;0.000;290.000;0.000
e1c105aa-c583-4afa-b966-1b75ebec40c4;1982;9;7728.660;Панели железобетонные;1213.600;0.000;1213.600;0.000
2d45f468-e8b5-4256-81b6-1bbf1f62b643;1968;5;5383.510;Панели железобетонные;1378.000;0.000;1378.000;0.000
14c9c478-464a-412c-ba80-1be12c132f57;1980;5;3343.580;Кирпич;930.980;0.000;930.980;0.000
5b5d0f68-23fa-4b4e-beb8-1bf1c679e4ea;2006;5;4035.030;Кирпич;NULL;2050.000;0.000;0.000
d41f1d33-a04e-4b0e-9756-1d1e5d751436;1996;9;2098.530;Панели железобетонные;339.500;0.000;339.500;0.000
c8385af8-e26d-4e7d-a392-1d4bf5da72c7;1987;9;2110.720;Панели железобетонные;320.000;0.000;320.000;0.000
e8fc69b1-8b82-494e-9e1b-1dc5e1e9c1ed;1972;5;3434.150;Панели железобетонные;1060.000;0.000;884.000;0.000
cf763e8c-90f7-4976-a309-1e04820a5ec6;1982;9;7740.240;Панели железобетонные;1228.000;0.000;1228.000;0.000
2442be8d-d685-445f-bcc3-1ebe920d1120;1985;NULL;NULL;NULL;NULL;NULL;NULL;NULL
2442be8d-d685-445f-bcc3-1ebe920d1120;1964;NULL;NULL;NULL;NULL;NULL;NULL;NULL
91322371-0545-445f-860e-1f09b1167ac4;2007;NULL;NULL;NULL;NULL;NULL;NULL;NULL
ae9b423a-3e20-48c5-803c-1f3631b40e05;1974;5;4608.960;Блоки;1209.000;0.000;1209.000;0.000
e7f3f53c-67d6-4a3e-a34c-1f6c99b091f4;1981;9;3466.280;Панели железобетонные;595.000;0.000;595.000;0.000
33f95f77-1ae1-4c77-a06d-1f6de00df17c;1987;5;3389.670;Панели железобетонные;967.000;0.000;967.100;0.000
a649e12e-99d1-4ce1-b273-1f972f6e7bf9;1984;12;3938.430;Кирпич;619.990;0.000;619.990;0.000
f57cf6c8-0dbd-48c0-991e-2087897e2d8d;2014;9;3656.210;Панели железобетонные;NULL;0.000;860.790;0.000
9046e370-fa2d-439a-aeb2-21102eca4fff;1984;9;7437.070;Панели железобетонные;1270.000;0.000;1270.000;0.000
bcd0510d-30ae-4d39-a30a-212986a89eb4;1959;2;523.500;Брус;530.000;0.000;0.000;530.000
921036e5-b908-47d6-8fd8-2139a9d1e14c;1973;5;6175.220;Кирпич;1611.000;0.000;1719.100;0.000
a3d5da3d-8b1b-427a-a31d-219c37fc8af2;1987;9;3586.260;Панели железобетонные;544.800;0.000;544.800;0.000
b8918ac9-9f4f-477e-a8f7-21a9af5e2bed;1963;4;1536.650;Кирпич;900.000;0.000;0.000;900.000
ccaf80ae-2c1f-45fc-8146-21b1f5b1305b;1973;5;3280.600;Кирпич;952.700;0.000;952.700;0.000
38e7256d-ea09-48fe-90ff-224504b228bd;1971;9;1959.360;Кирпич;355.000;0.000;355.000;0.000
ad97b8ee-4aa8-4293-a820-2249bf190ca8;1966;5;2521.280;Кирпич;906.000;0.000;0.000;906.000
9d8ce6cc-847e-4a42-b8d2-22505bad5c4b;1959;4;2058.800;Блоки;803.000;803.000;0.000;0.000
05e4aedd-ba05-495c-abcf-227d3ad25fad;1985;9;3581.180;Панели железобетонные;590.000;0.000;590.000;0.000
dcbd0a76-cd46-48a4-935b-229cddd35102;1982;9;3564.310;Кирпич;1108.000;0.000;1108.000;0.000
e86aae9a-45f6-4dff-8c90-22f998fb82ff;1972;5;6020.600;Блоки;1646.000;0.000;1646.000;0.000
b46bf3ed-d94c-423c-a8f3-2356543823f1;1993;4;NULL;NULL;NULL;NULL;NULL;NULL
666927b5-0c25-44b7-9abd-23be4ff2d0c5;1963;4;2594.340;Кирпич;1000.000;0.000;0.000;1000.000
47be641e-09b3-4249-8df0-2403da2e1bd0;1988;5;1351.000;Кирпич;446.000;0.000;446.000;0.000
2a77443a-20d2-4d19-82eb-24657958f64e;1967;5;4980.780;Блоки;1560.000;0.000;1560.000;0.000
db1e7fd4-7f85-472a-a1e1-246f21de4791;2000;9;4293.200;Панели железобетонные;740.000;0.000;740.000;0.000
265f23bf-6b35-4e25-a7ec-2481799fc81e;1991;5;2804.680;Кирпич;831.700;0.000;831.700;0.000
d3c65414-2abc-40ad-9c9e-249df52f1a6d;1963;4;951.350;Кирпич;600.000;0.000;0.000;600.000
61407a19-a77d-42b0-82f3-24bd9416779f;1964;5;3483.280;Блоки;1124.000;0.000;0.000;1124.000
57888e14-742e-427d-a733-24f41c2a78f1;1987;9;3574.910;Панели железобетонные;625.000;0.000;625.000;0.000
f97d5d76-5ecf-436d-bde7-25657ea2e65a;1990;9;2070.160;Панели железобетонные;352.000;0.000;352.000;0.000
2fa1a08c-30a3-4d42-9d85-256d0d4858d8;1979;5;3404.140;ж/б блок;926.000;0.000;926.000;0.000
e8e811c8-c78e-4aaa-bdff-25f9f3d6d9db;1987;9;2411.280;Кирпич;449.600;0.000;449.600;0.000
1246bbc9-91c0-4cce-80be-25fae256e174;1962;4;2055.170;Кирпич;978.000;0.000;0.000;978.000
a4166c3a-24a3-45cf-b126-264340b3b23d;1983;9;5644.440;Панели железобетонные;960.000;0.000;960.000;0.000
189f7416-145a-4f91-ace2-2668dd7a37a4;1965;5;3252.610;Кирпич;1187.000;0.000;0.000;1187.000
3c225aac-c0fa-4555-ad3f-26edc8f30ce3;1957;5;8027.360;Кирпич;NULL;3619.200;0.000;0.000
8ef884fe-e7c9-444f-bd0a-273e2975ecca;1962;5;2526.480;Кирпич;950.000;0.000;0.000;657.800
de6baf4a-3932-48f0-8a91-27bb7716444c;1987;5;3281.330;Панели железобетонные;889.380;0.000;889.380;0.000
89012e59-67cf-4080-91c4-27bccd8f0389;1988;9;2077.210;Панели железобетонные;332.700;0.000;333.000;0.000
6e49a3ba-c353-404f-aa66-27c79ea9ee8d;2013;9;2235.250;Панели железобетонные;394.720;0.000;394.720;0.000
6d674625-31ce-4300-98f0-28e8ab7b78b8;1994;9;2688.450;Панели железобетонные;421.000;0.000;421.000;0.000
0c96b1a1-bd5d-4685-a107-28eba92a9b91;1985;9;5589.120;Панели железобетонные;864.400;0.000;1418.000;0.000
c77c8ad4-945b-40c5-9642-2a18f0766b36;1958;4;2373.000;Шлакоблоки;1358.000;878.000;0.000;0.000
9afd7de9-b6e4-443d-8335-2a392a922f37;1962;4;1957.240;Кирпич;1500.000;900.000;0.000;0.000
a61f5fdd-2e1e-4a80-a212-2b8c72a63a49;1993;9;6308.380;Панели железобетонные;1024.710;0.000;1025.000;0.000
d8d75ec2-60b8-4d33-b485-2bf0a0de0ca9;1980;9;1860.190;Кирпич;267.470;0.000;267.470;0.000
d8d75ec2-60b8-4d33-b485-2bf0a0de0ca9;1980;NULL;NULL;Кирпич;370.000;NULL;NULL;NULL
7aab3aa6-2613-46db-add9-2ca424b0cd46;1981;5;6223.760;Блоки;1764.000;0.000;1754.000;0.000
65f14ba2-ff5b-4ef2-bad4-2cc908ada334;1991;9;6264.150;Панели железобетонные;987.800;0.000;0.000;0.000
83a9e737-f9d9-4bda-9a80-2d236dafcb01;1988;5;3617.110;Панели железобетонные;1032.830;0.000;1032.830;0.000
3b4563a3-7bcf-4fcc-ab12-2d8ef38c45c8;1965;5;2543.870;Кирпич;932.000;0.000;0.000;932.000
a7b47294-1158-461b-aed6-2dc403565b44;1992;9;8303.920;Панели железобетонные;1320.000;0.000;1320.000;0.000
e1c09149-637f-41db-a88e-2e57ee423b97;1981;5;4656.380;ж/б блок;1200.000;0.000;1200.000;0.000
a939070a-0832-4c7d-bf79-2effa9151cd1;1990;5;2744.680;Кирпич;887.480;0.000;887.480;0.000
c53a26c1-35e2-484b-ac9e-2f01a5f83bb2;1971;5;3372.390;Блоки;888.200;0.000;884.000;0.000
e927dd16-bc7e-4377-aba9-2fa9ba983fe0;1988;5;3307.660;ж/б блок;892.500;0.000;892.500;0.000
ba83ec19-e405-4d3c-b699-2fde667bc4ba;1995;4;3035.270;Панели железобетонные;1100.000;0.000;1100.000;0.000
4654bf74-159d-49fb-ad2b-2fe16380244f;1987;NULL;NULL;NULL;NULL;NULL;NULL;NULL
d0c19674-c0de-4fa4-9bc7-2fff3a50bbb7;1963;4;2002.550;ж/б блок;710.000;710.000;0.000;0.000
e40aaac8-af24-47ac-a9e9-3082a04490c9;1974;5;3216.830;Кирпич;1213.110;0.000;1213.110;0.000
38fa75b0-6c82-4d6d-8a76-3112cc9c4414;1963;5;2017.520;Кирпич;878.000;0.000;0.000;878.000
532f1234-a77f-454b-817e-3143d73104b0;1988;5;2106.110;ж/б блок;577.500;0.000;577.500;0.000
3eba8c4b-2787-4da9-ab89-31a0a8d8a90a;1992;9;5472.520;Панели железобетонные;849.000;0.000;849.000;0.000
47655c4a-d61d-4914-ae48-31da98c8fd06;1998;5;1393.480;Кирпич;484.600;0.000;484.600;0.000
f51ae43f-ed62-4a9c-a84a-31f0ea1c23a0;1984;12;3964.650;Кирпич;585.000;0.000;585.000;0.000
be26052a-9960-48d9-af68-322630339a77;1979;9;7374.050;Кирпич;1343.000;0.000;1343.000;0.000
8a139af6-8468-44bd-88fc-32883fe64ef0;2002;9;4354.160;Панели железобетонные;612.000;0.000;612.000;0.000
676ef8f4-1b76-427e-9e0e-33029ee6e80d;1989;3;1470.760;Кирпич;729.400;0.000;729.400;0.000
f1e1b2ef-9c58-4c0b-a82d-3407016896fb;1983;9;3541.260;Панели железобетонные;593.000;0.000;580.000;0.000
616104e2-2057-4703-ab6f-37292a24713c;1968;5;3175.620;Блоки;1030.000;0.000;1030.000;0.000
23f03f1b-07aa-4366-b246-373d61210f70;1990;9;5391.960;Панели железобетонные;854.000;0.000;854.000;0.000
a4eeb80a-724c-43b2-9ac0-3752e607c28d;1973;5;5925.930;Панели железобетонные;1610.000;0.000;1610.000;0.000
d3a20645-d142-427d-8b61-377ae1dc16b8;1959;4;3418.300;Кирпич;1505.500;3500.000;0.000;0.000
dfbebea6-34d2-498f-87f4-37cb81c3e226;1959;5;3349.970;Кирпич;1505.500;1600.000;0.000;0.000
5e73bc3c-9a5c-43e1-b979-37e7b4707021;1973;9;4174.300;Кирпич;772.500;0.000;772.500;0.000
5a2fa5d0-3aa6-42b0-a5dc-3852121dafbb;2010;10;1901.100;Панели железобетонные;590.690;0.000;590.690;0.000
1aea2918-5176-4927-b675-38aec924857c;1984;5;2086.080;Панели железобетонные;590.000;0.000;590.000;0.000
fa9904e9-ee69-4eeb-b85c-3972a1c4267d;1984;9;7682.040;Панели железобетонные;1226.000;0.000;1226.000;0.000
78bcccc8-c695-4bb0-aaad-39d8b29d096c;1981;5;3342.891;Кирпич;1107.890;0.000;1107.890;0.000
e5383b23-924c-4843-8975-3b1b36e76d2b;1959;4;2069.470;Блоки;937.000;0.000;0.000;1060.000
86cf8731-c2be-482b-b239-3b32f6a5cbf4;1969;5;5325.120;Блоки;1379.000;0.000;1379.000;0.000
f49b8c17-c6bf-4ea2-a858-3ba8598e3054;1988;3;884.170;Панели железобетонные;477.890;0.000;477.890;0.000
f49b8c17-c6bf-4ea2-a858-3ba8598e3054;1988;NULL;NULL;NULL;NULL;NULL;NULL;NULL
27a542ba-12f8-4f25-96d8-3bca378eec2e;1990;9;6244.940;Панели железобетонные;966.000;0.000;966.000;0.000
9b322d0b-595b-4cf8-8419-3c4f77b2a395;2002;9;2184.870;Панели железобетонные;407.000;0.000;407.000;0.000
b27e559a-9b5a-42cd-9ce6-3c5032918cf5;1992;9;4212.300;Панели железобетонные;675.000;0.000;675.000;0.000
c7b6f761-3317-4bb4-91a3-3c71dcb1fccf;1978;9;4188.340;Кирпич;773.280;0.000;773.280;0.000
0d70e868-4230-4d3b-8fdd-3d21a6ce9d4c;1998;9;4457.600;Панели железобетонные;795.300;0.000;795.300;0.000
2a8a9245-eb84-4af8-a09b-3d299806d931;1999;5;1411.410;Кирпич;473.000;0.000;473.000;0.000
04696a6e-f2cf-4596-8b37-3e16aff0bf75;1994;6;1854.100;Кирпич;498.000;0.000;451.000;0.000
1d8aa69d-738f-4cb3-8f98-3e5daf80bc99;1971;5;2555.250;Блоки;756.000;0.000;756.000;0.000
e2d8bbe3-50bb-4d9a-b001-3f4dcda052be;1971;9;1875.630;Кирпич;367.170;0.000;0.000;367.170
c5227406-8dd5-4399-901e-3f892e0657f6;1963;4;1979.020;Кирпич;900.000;0.000;900.000;0.000
bf2f1a61-17fe-422b-8c69-3f8adcf97125;1992;9;4133.810;Панели железобетонные;670.000;0.000;670.000;0.000
9cb4b27a-c33e-4207-9e02-3fa69c4a8d22;1967;5;3485.810;Блоки;1081.000;0.000;0.000;1081.000
22fc0c7f-0385-49c0-9127-3fee8ee1d9bb;1982;9;7645.620;Панели железобетонные;1231.000;0.000;1231.000;0.000
21b3cbd2-12fd-4b0d-8c25-407c29f5086b;1970;9;1858.600;Кирпич;453.720;0.000;0.000;453.720
cced1611-2e26-4144-9439-40f67d0fae16;1979;5;2844.980;Панели железобетонные;818.000;0.000;818.000;0.000
c7151ebc-7d57-41c4-8225-42730bf72c88;1995;9;4152.240;Панели железобетонные;661.600;0.000;0.000;0.000
e226800b-6abb-434f-8e09-4332522ba731;1977;9;1928.770;Кирпич;339.000;0.000;339.000;0.000
f94cc293-25dc-4231-9313-433876701699;1966;5;3530.710;Блоки;1092.000;0.000;0.000;1092.000
c3e15ac8-d3a6-419f-ac3f-43d394d05060;2013;9;3932.400;Панели железобетонные;737.410;0.000;737.410;0.000
a31e8619-5cab-4bcf-af43-444587ad448c;1969;5;5256.110;Кирпич;1320.000;0.000;1320.000;0.000
871e8e87-2cda-497a-8e41-4468ab0ffc81;1973;5;3495.750;ж/б блок;933.560;0.000;933.560;0.000
79336841-3ce1-49e5-955f-451ae79681b9;1986;9;3584.530;Панели железобетонные;554.000;0.000;554.000;0.000
a190e5b6-fa51-437a-aa0f-4520599ad55f;1989;12;3867.940;Кирпич;621.000;710.000;710.000;0.000
3fe06ae9-9751-47b5-be69-4586bdbbc9f5;1992;9;4282.420;Панели железобетонные;702.040;0.000;702.040;0.000
9d0edda8-c934-4c32-a7cc-465886772615;1962;NULL;NULL;Кирпич;328.000;NULL;NULL;NULL
b1cb6f44-136a-46c1-b56c-468a3453743d;1991;5;2767.810;Кирпич;1001.000;0.000;1001.000;0.000
cdf1333a-b2ff-4aa7-9364-46cddbb994a7;1986;5;3289.080;Панели железобетонные;919.000;0.000;919.000;0.000
b1ab4cb9-3502-4c37-9a47-46f482a5dc55;1967;5;2555.430;Кирпич;909.380;0.000;0.000;909.380
7a985f0b-391b-42db-962a-47370b1e5ffb;1967;5;2228.650;Блоки;756.000;0.000;756.000;0.000
fc322ca5-739f-4701-a5cd-4800df874872;1989;9;7668.470;Панели железобетонные;1225.000;0.000;1225.000;0.000
fac62be6-5a01-4e04-a5d8-48373da790b2;1975;5;4565.510;Блоки;1330.000;0.000;1330.000;0.000
79f1f182-02ec-4cc9-8814-498b72d9b81d;1962;4;2011.840;Кирпич;900.000;0.000;0.000;900.000
5bc244bd-7b7d-4234-bec6-49f73cd0d4ab;1989;9;5380.080;Кирпич;850.740;0.000;850.740;0.000
7fb5d44b-ddc9-4667-a0ea-4ab8ebc5c1dd;1970;5;5989.860;Блоки;1599.000;0.000;1599.000;0.000
b83ccf98-82e3-4098-8b5b-4afb3ce1aa2b;1997;9;4249.820;Панели железобетонные;680.000;0.000;680.000;0.000
ff87b2b7-4a10-44e9-9d0f-4bb145f05b60;1904;NULL;NULL;NULL;NULL;NULL;NULL;NULL
4e81db29-d16a-491f-bac6-4c08ed920a9f;1972;5;3475.080;Блоки;1773.360;0.000;884.000;0.000
86bca579-b588-4f5b-8d3e-4c32a0ad027f;1982;9;3592.870;Панели железобетонные;590.000;0.000;590.000;0.000
c3c5b337-940e-4bf3-af7c-4c3c92992c05;1966;5;3506.756;Блоки;970.000;0.000;970.000;0.000
65bda727-7fd3-4af6-84d6-4c63f4251ffd;1962;5;2545.420;Кирпич;702.140;0.000;0.000;900.000
c992015d-efbc-46a1-b160-4d07669dc676;1974;5;4552.840;Блоки;1315.000;0.000;1315.000;0.000
62f24a87-a3b9-4989-8d26-4d1e9cd3e255;1970;5;3536.150;Панели железобетонные;933.580;0.000;933.580;0.000
77c32ffa-8ced-4c5b-b3ea-4dcba2e625de;1988;9;5328.090;Панели железобетонные;827.300;0.000;827.300;0.000
aa074ced-f7cd-4df7-ac8a-4e16d16b7f57;1970;5;5287.870;Кирпич;1320.000;0.000;1320.000;0.000
4511933e-1a95-499c-92bc-4ec00312416b;1986;5;1363.140;Кирпич;462.000;0.000;462.000;0.000
fe6bc411-d85b-4723-83e6-4ef7769b2ef1;1977;11;3908.750;Панели железобетонные;1380.360;0.000;1150.000;0.000
bdbc5938-aa5b-4caf-8bd1-4f7db9973bb4;1998;5;4591.970;Блоки;1218.000;0.000;1218.000;0.000
786f92b9-1a8e-45df-9183-4f8ead2f6e5c;1981;9;3587.200;Панели железобетонные;590.000;0.000;590.000;0.000
8bd868f3-1f18-467d-a4a8-5073b24d188c;1959;4;1988.830;ж/б блок;818.410;0.000;0.000;818.410
8c9459a4-fbd8-494e-aed3-50db1201f735;1988;5;1359.740;Кирпич;452.000;0.000;452.000;0.000
ebc1aace-3557-4e2e-9401-513360d0fa85;1987;9;2367.540;Кирпич;400.600;0.000;400.600;0.000
fc15ca94-2078-4c91-9d39-5254fa87b7b4;1993;9;4395.390;Панели железобетонные;933.100;0.000;933.100;0.000
4e2bc713-08d4-4fe7-a757-537a474bd051;1984;3;1943.820;Панели железобетонные;905.000;0.000;905.000;0.000
cc07db70-9012-4bbb-bc0f-53f8ca1cd5d0;1997;9;5980.120;Кирпич;925.000;0.000;925.000;0.000
5b14846c-c9b9-4aee-8e25-54290b9b4678;1980;5;78.100;Кирпич;1334.740;0.000;1334.740;0.000
6b22ce19-84b1-4dec-90bf-54c17592d061;1986;9;5634.800;Панели железобетонные;906.000;0.000;906.000;0.000
2a896c8b-4d2b-41ae-9a92-54e95fbd0ee4;1988;9;3577.430;Панели железобетонные;614.000;0.000;614.000;0.000
581c1a6f-8b26-415b-8144-551edc3bf94b;1965;5;2598.470;Блоки;NULL;0.000;0.000;662.000
aa990feb-beea-4806-8b13-551f975092ee;2009;10;2527.580;Кирпич;590.690;0.000;590.690;0.000
6bc52eb2-c3a5-4297-ace0-552f71bd6cfa;1974;5;6087.570;Панели железобетонные;1611.000;0.000;1611.000;0.000
ea9bc67b-c726-4e19-ad0e-55768a9c9142;2008;10;4324.420;Кирпич;815.160;0.000;815.160;0.000
4593c91a-8b75-46e4-83e5-557d730abea0;1994;9;4427.110;Панели железобетонные;745.000;0.000;745.000;0.000
53b2939e-a441-48f7-bea8-567cf79f535b;2012;5;1156.900;Панели железобетонные;506.000;506.000;0.000;0.000
75a74a62-4f00-476d-b9e9-568444453c36;1988;9;5409.300;Панели железобетонные;854.700;0.000;854.700;0.000
f6510c31-6ea6-4cbc-93a7-571ec7c05d1b;1976;5;4589.360;Блоки;1260.000;0.000;1260.000;0.000
32bdd37c-1ebd-4bf0-a6a1-584bc85aab8c;2008;9;4367.080;Панели железобетонные;618.640;618.640;0.000;0.000
530314c2-29e1-4471-bbf1-58738a9e2859;1989;3;1560.310;Кирпич;727.000;0.000;727.000;0.000
8bb41bf6-aec0-4cc9-9c94-58bec820cff4;1958;4;2054.510;Блоки;859.000;859.000;0.000;0.000
6c3da2bb-bba3-44e0-a107-595665e8b3fe;1991;9;4222.930;Панели железобетонные;642.000;0.000;642.000;0.000
746c8ed6-783e-4513-8440-5972e579e4bf;1964;5;2519.340;Кирпич;900.000;0.000;0.000;900.000
b13bba64-2e2c-4b47-91c1-5a741088977c;1962;4;1282.590;Кирпич;504.140;0.000;0.000;504.140
7adbac1e-3bdc-4de5-b59d-5ac29926a612;1985;3;1561.560;Кирпич;773.000;0.000;773.000;0.000
df4ab3a4-6aee-4e33-8ba3-5adae520ba6a;1975;5;3398.820;Блоки;972.000;0.000;972.000;0.000
ac92bda2-0e33-4177-9be4-5b1c3a4eb935;1962;4;1908.880;Кирпич;1500.000;0.000;0.000;1500.000
4b2b2754-09df-4616-9b0b-5b864ff41b99;1980;5;4556.140;Блоки;1224.000;0.000;1224.000;0.000
a3b02e79-7d70-423f-b318-5d1516f2a9a2;1972;9;7286.990;Кирпич;1094.400;0.000;1094.400;0.000
d6b3bdfa-e147-46a1-bee9-5e3cf638564a;2012;10;2932.770;Кирпич;501.850;0.000;501.850;0.000
a4b0fada-c9b5-4822-bc5e-5eb22a471293;2015;12;5266.800;Кирпич;NULL;0.000;878.000;0.000
067123ee-5bf7-490b-b730-5f33f08cd92a;1998;9;3523.310;Кирпич;NULL;NULL;300.000;NULL
c1cb2572-87f2-4f52-8d19-5f369510b1e5;1973;5;4665.510;Блоки;1380.000;0.000;1380.000;0.000
3ea2a732-65a8-4745-ba85-5f58377f37de;1993;9;3866.380;Кирпич;736.000;0.000;736.000;0.000
a7d07536-ccdd-4b94-b4b3-603c9616dcac;1988;9;2088.650;Панели железобетонные;336.000;0.000;336.000;0.000
34d3609a-29a8-479c-8e6a-6062dcb211cf;2016;9;4403.600;Несущие панели;NULL;NULL;NULL;NULL
9d90869f-de9e-44f4-b730-60796338be02;1985;5;2747.810;Кирпич;760.000;0.000;760.000;0.000
f3ab9890-a2a6-47ee-be3f-60f1050575a5;1997;4;2844.910;Панели железобетонные;1166.000;0.000;1166.000;0.000
0a96b380-5844-4bc6-b5f9-6156976c67f2;1976;5;4589.310;Блоки;1314.000;0.000;1314.000;0.000
d4a5ff51-2de4-405d-9a59-61a102f9778a;1990;9;4120.550;Панели железобетонные;NULL;0.000;0.000;0.000
7eef64ab-8331-40b8-91dd-6285ea6f943b;1980;5;2961.500;Кирпич;947.700;0.000;947.700;0.000
96a9bc79-b44c-446e-a71f-62ab0f7a6784;1965;5;2510.710;Кирпич;920.000;0.000;0.000;920.000
4da0e501-9e72-458e-902b-630573c80e22;2007;3;961.520;Кирпич;504.090;504.090;0.000;0.000
a720fc3e-977c-4a64-8b26-63ca17d98df0;1978;5;6184.110;ж/б блок;1735.100;0.000;1735.100;0.000
4a50e97b-c979-4494-8629-6474becf0ed3;1961;4;2992.100;Кирпич;1093.000;0.000;1093.000;0.000
c5534648-b719-4dfe-8530-6498a4c086d4;1996;9;4318.510;Блоки;735.050;0.000;735.050;0.000
a3c562c3-1384-4640-8394-6662a859cb77;1962;4;2053.330;Кирпич;973.000;0.000;0.000;973.000
798d06fe-ab55-4b7d-b831-669c222a9285;1994;9;6264.640;Панели железобетонные;1000.700;0.000;1000.700;0.000
2be2b4bb-a792-4991-84c6-6894065a986e;1972;5;3222.610;Блоки;888.000;0.000;888.000;0.000
2be2b4bb-a792-4991-84c6-6894065a986e;1972;NULL;NULL;Блоки;1020.000;NULL;NULL;NULL
d5378a17-40ad-48b8-83e7-691b3b940727;1979;5;3407.840;Кирпич;917.460;0.000;917.460;0.000
205b50ff-bec0-4117-bfb7-6985f7024ee0;NULL;5;1264.250;NULL;NULL;NULL;NULL;NULL
97431017-d37c-4478-b319-6a4530b787f0;1988;5;5267.500;Панели железобетонные;1355.000;0.000;1355.000;0.000
05cebd67-8862-4eaf-95db-6ad109967806;1973;9;3981.670;Кирпич;1326.000;0.000;1326.000;0.000
e1c2cbeb-641a-476b-9206-6b710cede2ae;2001;9;8728.460;Панели железобетонные;540.000;0.000;540.000;0.000
473082f4-5ed4-4055-abfd-6bb07d8e3753;1962;4;2003.480;ж/б блок;2102.730;2102.730;0.000;0.000
05867c08-5008-4e64-983a-6c165280a183;2011;10;4396.260;Кирпич;815.160;0.000;815.160;0.000
d6257b7b-d68c-449f-aef3-6c4af1a2d78f;1980;5;4608.430;Блоки;1208.000;0.000;1208.000;0.000
9fedc93e-aca9-4684-aed1-6c4d22e73b38;1992;9;4245.040;Панели железобетонные;687.400;0.000;687.400;0.000
34f074a5-5f10-4540-87e4-6c58b3eccf5a;1969;NULL;NULL;NULL;NULL;NULL;NULL;NULL
ae5cdc47-5068-4ff9-8a5e-6c6ec0572d3d;1986;9;3566.890;Панели железобетонные;577.000;0.000;577.000;0.000
98321412-d304-497f-b31b-6c7a52bec4be;1977;9;1938.050;Кирпич;333.000;0.000;333.000;0.000
c9ea8d70-af7c-44d0-9502-6d0247b7889e;1978;5;4581.070;Блоки;1320.000;0.000;1320.000;0.000
dbcc26db-7555-4c26-8253-6d0df1ab70ca;2005;9;4356.320;Панели железобетонные;926.580;0.000;926.580;0.000
b925293e-6713-40fa-b0c0-6e1faac0bd6f;1966;5;3529.190;Блоки;NULL;0.000;0.000;1089.000
4e4f7549-851f-454d-8c03-6f4f911cc450;1979;5;4524.120;Блоки;1326.000;0.000;1326.000;0.000
7eb2b4ef-3d5e-4f83-b085-6fce0e41bc9f;1971;5;3450.730;Блоки;984.400;0.000;984.400;0.000
cb069fa8-2338-49e0-b29e-6ff50c090a53;1994;9;5392.000;Панели железобетонные;870.600;0.000;870.600;0.000
96db4ee3-d1da-4708-975e-71af57c0732c;1974;5;4584.970;Блоки;1215.000;0.000;1215.000;0.000
1180c488-99f9-4264-b8a8-71b8e014bd09;1976;5;4517.580;Блоки;1249.000;0.000;1249.000;0.000
00cc28c1-3c57-4e8b-aaa1-72083f02c6cf;1984;9;3524.010;Панели железобетонные;626.000;0.000;626.000;0.000
1ccd80de-27de-4f37-b93f-721264dc463a;2013;9;4530.900;Кирпич;NULL;82.000;576.000;24.000
2a26953f-4b1c-42b2-9953-72372ba80d4b;1989;9;5615.360;Панели железобетонные;923.760;0.000;923.760;0.000
b58cf9fa-b2fb-45c1-9b2d-72b1023b9750;1993;9;6159.280;Панели железобетонные;742.000;0.000;742.000;0.000
42783c1c-ea5c-4474-ad33-72b9bc0e552c;2004;9;2735.490;Панели железобетонные;731.000;0.000;731.000;0.000
0114ee66-034c-4ca8-8935-742df66ee0d3;1979;5;6164.370;ж/б блок;1731.050;0.000;1731.050;0.000
df2985bf-2f1c-405e-8470-7480fe8829ef;1964;5;3548.240;Шлакоблоки;1267.000;0.000;0.000;954.000
252cd76d-0344-418d-850f-74f04fdb007c;1984;9;3601.410;Панели железобетонные;595.000;0.000;595.000;0.000
a91ad2a8-c332-4d5a-aa83-754489f742c8;2009;5;1154.440;Панели железобетонные;415.000;0.000;415.000;0.000
8627d669-0dd2-4241-8e79-75687439af39;1978;5;4552.130;ж/б блок;1204.000;0.000;1204.000;0.000
fb8b2faf-778f-48c0-95e6-762bf558980b;1972;5;3455.000;Блоки;1268.000;0.000;1371.000;0.000
a1078ee9-12f4-4292-b204-76fefb1f3e89;1977;5;3224.880;Кирпич;947.800;0.000;947.800;0.000
250821bd-8162-4fa0-90a2-77151e6ce4b7;1977;5;4582.050;Панели железобетонные;1279.770;0.000;1279.770;0.000
ca7c8671-de30-41e3-b3bc-7725c4804138;1995;3;1059.990;ж/б блок;555.000;0.000;555.000;0.000
c8213785-6689-4736-8576-77e3539d50d6;2001;9;2165.460;Панели железобетонные;301.000;0.000;301.000;0.000
ee7d4dd6-8a4d-4df0-aeaf-787e76525cbd;1984;9;3562.230;Панели железобетонные;521.000;0.000;521.000;0.000
c2a0aedf-09fc-441d-bbee-7905faf77ada;1984;9;3583.520;Панели железобетонные;575.600;0.000;575.600;0.000
6a331bc5-9d9a-4f1b-8fc5-797c1eabb7aa;1975;5;4622.350;Блоки;1225.000;0.000;1225.000;0.000
3975d897-cc3c-4434-a348-799e52b27454;1972;5;4599.070;Блоки;1257.130;0.000;1257.000;0.000
abd58f23-1cdb-4e25-89d0-7a85f2230453;2007;10;5614.350;Панели железобетонные;883.200;0.000;883.200;0.000
22e7b113-ab05-4ff1-867a-7abac04f1917;1986;9;5608.100;Панели железобетонные;906.000;0.000;906.000;0.000
00d892b3-6391-4c13-aca7-7ac788076768;1987;9;4162.970;Панели железобетонные;621.200;0.000;621.200;0.000
4fb7730c-fa9a-406a-828a-7e6267fb4fec;1963;2;912.570;Кирпич;704.200;0.000;704.200;0.000
2ae2fb9e-b25b-4b7b-9de6-7ebe3abbdb12;1971;5;4627.590;Панели железобетонные;NULL;0.000;1371.000;0.000
138cc697-65c2-4fea-980e-7ee83badfb30;1998;9;2380.000;Кирпич;452.200;0.000;452.200;0.000
ac7d8e13-2dd2-4881-a67d-7ee94e61fac4;1962;4;2013.050;Кирпич;902.000;0.000;0.000;902.000
4fe4df43-8186-4383-81b0-7f3fb56b1e54;2005;10;3240.590;Панели железобетонные;515.000;0.000;515.000;0.000
2cb31a99-d301-4178-996c-7f46fa3737ba;1964;5;5234.080;Блоки;1749.046;0.000;1749.046;0.000
84e00017-87df-4208-8884-7fba89c35724;1993;9;4193.790;Панели железобетонные;702.640;0.000;702.640;0.000
1879e2fc-f508-41c2-9300-7fdfcf02c033;1987;9;5683.220;Панели железобетонные;910.000;0.000;910.000;0.000
660df33d-a9da-4e85-859a-806f5a7b901d;1970;5;4580.880;Панели железобетонные;1202.000;0.000;1202.000;0.000
be27e4ec-b0fd-4bce-8869-81307f221bc4;1971;5;4617.250;Блоки;1360.000;0.000;1360.000;0.000
bb80235a-f3b7-40cf-830d-81acd5a89a2b;1987;5;2746.240;Кирпич;878.450;0.000;878.450;0.000
4a0cf6ee-cc74-4580-afa6-81eb4fa4dc27;2000;9;2208.840;Панели железобетонные;310.000;0.000;310.000;0.000
238ee25b-8a77-4d35-9391-81f27e81937c;1969;5;3247.790;Блоки;938.000;0.000;938.000;0.000
ab1875b4-894b-4b10-8b2e-82a61b368b0f;1989;9;2066.060;Панели железобетонные;340.000;0.000;340.000;0.000
9c774cc3-8e1c-4f64-a4d8-82b75f0e778c;1983;9;7680.630;Панели железобетонные;1228.000;0.000;1228.000;0.000
3a3f715f-8114-4a3c-ac69-831100faf05f;1999;5;1232.040;Кирпич;427.740;0.000;427.740;0.000
b4a39f81-ece2-4a8d-b437-8342fa6b31ca;2000;5;1474.890;Кирпич;530.000;0.000;530.000;0.000
a54e7f41-3fcb-4ce3-8dc8-835a2beda17e;1989;5;2095.460;Панели железобетонные;577.000;0.000;577.000;0.000
90e8b574-3d81-47b4-bdf0-83829610bc70;1968;5;2960.260;Блоки;802.000;0.000;802.000;0.000
3dd29276-2501-4a92-a73f-83d99b48b974;1990;9;2065.290;Панели железобетонные;351.200;0.000;351.200;0.000
facfefbe-b6ea-4779-8139-851ccfeb6939;1963;5;2506.000;Кирпич;903.000;0.000;0.000;903.000
4e446aea-4a61-4693-993c-85c4ebad3cea;1967;5;5346.290;Блоки;1806.000;0.000;1502.000;0.000
08f8c06f-a7ee-4aee-9f7d-8689b0782525;1963;5;3404.070;Кирпич;NULL;0.000;0.000;657.800
6b6069a9-5edb-4f14-8067-86c84555e0a4;1964;5;3462.850;Кирпич;969.220;969.220;0.000;0.000
d06c5d99-3a94-4a48-a7fd-873161446774;1985;3;1976.590;Панели железобетонные;909.000;0.000;909.000;0.000
3fc3060c-a685-432d-80d0-875109e17e6d;1987;9;3578.970;Панели железобетонные;612.000;0.000;612.000;0.000
738cee13-6901-4f1e-b00a-877415492ceb;1964;5;2390.550;Кирпич;903.500;184.000;0.000;760.000
66b2d248-bd1b-45ce-85c5-8880c9e03567;1997;5;1906.920;ж/б блок;502.000;0.000;502.000;0.000
58351cc7-340c-4dce-8062-88d10cdaae72;1998;6;1812.720;Кирпич;451.000;0.000;451.000;0.000
cd18a861-15d8-4110-a228-88f6fa45e145;1986;9;3537.220;Панели железобетонные;586.000;0.000;586.000;0.000
07170815-f6b6-4290-98b0-8914e8b3b49f;1965;5;3498.440;Блоки;1081.000;0.000;0.000;1081.000
cd6687c3-0ebb-4803-a5ca-896181d513b8;1981;5;2734.140;Кирпич;780.000;0.000;780.000;0.000
83b8a503-2920-496a-8bfe-896c68225e8b;1974;5;6140.640;Блоки;1733.240;0.000;1733.240;0.000
9124a718-2be2-4b26-bc13-89740d4ce4f4;1966;5;2478.700;ж/б блок;918.000;0.000;0.000;918.000
206b4989-93bc-4b38-895e-897ffc6e4661;1989;9;4181.070;Панели железобетонные;690.000;0.000;690.000;0.000
d62f1788-eb84-41a8-9adb-89ac6a5e95f2;1963;NULL;NULL;NULL;NULL;NULL;NULL;NULL
7069333f-7131-4717-9f4a-89f9e9e21a34;1990;9;5431.560;Панели железобетонные;861.000;0.000;861.000;0.000
047523df-3113-4606-a628-8a7f74f392e2;1991;5;1548.280;Кирпич;746.600;0.000;0.000;746.600
9b9c9a49-2072-4679-a18d-8b0a548d40b1;1999;9;4374.650;Панели железобетонные;806.000;0.000;806.000;0.000
7ec6b821-35f9-41da-be1f-8b7269034c6a;1960;3;934.910;Кирпич;446.500;0.000;446.500;0.000
584f42c3-d54f-4cd9-8161-8bc67c469634;1967;5;2416.380;Кирпич;2929.000;530.000;2000.000;530.000
ea25fc8c-bcae-44e4-a669-8c57a32f5351;1966;5;2567.030;ж/б блок;927.400;0.000;0.000;927.400
ea97fdaf-3f42-4ae8-955f-8d14d6df984c;1977;9;1922.640;Кирпич;371.000;0.000;371.000;0.000
c6958fde-e958-48c9-aaf0-8d1869a1bebc;1962;4;2071.410;Кирпич;978.000;0.000;0.000;978.000
b28c723b-6308-426a-a03a-8d1f9267ea9e;1965;5;4923.020;Кирпич;1841.000;0.000;0.000;1841.000
14dd4248-dac7-4584-b0e4-8d25a1e72d24;1990;9;4194.980;Панели железобетонные;666.000;0.000;666.000;0.000
66dc46f7-cf35-4d62-ad58-8e23c10d2cc3;1983;9;7679.730;Панели железобетонные;2453.440;0.000;1226.750;0.000
9884e4a6-2ce4-485b-913d-8e75c7779302;1985;7;4380.080;Панели железобетонные;975.800;0.000;975.800;0.000
dacad90c-9057-42e9-8ec8-8f3fe69293b3;1971;5;3465.490;ж/б блок;926.130;0.000;926.130;0.000
be24280b-3eb6-4a6d-861c-90275e8ba270;1976;5;4456.990;Блоки;1232.000;0.000;1232.000;0.000
a83be036-6c68-4194-bf59-90394faf98d5;1988;9;3428.350;Панели железобетонные;591.000;0.000;590.000;0.000
4274d56e-dfd2-4216-922b-907c4bba6772;1964;5;2502.230;Кирпич;695.310;0.000;695.310;0.000
8e9dc2b7-8b16-44ed-8774-90a0915f457e;2005;10;3540.100;Кирпич;976.000;18.000;860.000;0.000
8efb537c-5e2d-4267-8fc6-90b280d1adca;1985;5;4461.720;Панели железобетонные;1309.000;0.000;1309.000;0.000
e68d7013-5b25-473a-993d-90c16e6047ad;2002;9;6002.840;Панели железобетонные;1252.000;0.000;1252.000;0.000
6a974eaa-0692-4bbd-b64d-90e347621512;1996;9;2080.390;Панели железобетонные;339.500;0.000;339.500;0.000
60b801ae-cfaa-43e8-8d91-91bdb3b216a4;1972;5;3106.150;Кирпич;935.260;0.000;935.260;0.000
c5611bc8-bdb7-4245-8465-91ded2273592;1990;9;4242.400;Панели железобетонные;879.000;0.000;879.000;0.000
3ccb8813-62a8-4136-b7cd-923a55f34174;1989;9;7095.410;Кирпич;518.000;0.000;518.000;0.000
4be2cec4-b963-41b2-94ac-935a2b40b6a3;1996;9;4159.020;Панели железобетонные;659.800;0.000;659.800;0.000
9f8c4b9c-80e1-48b2-af6b-9388dfa4331c;1988;9;7758.580;Панели железобетонные;1457.000;0.000;1457.000;0.000
43ef53e2-f601-45c9-b05e-938920fa7e03;1968;5;2992.200;Дерево;919.800;0.000;986.000;0.000
ea05d47c-d823-45a8-9ed5-93c7b1c8c159;2003;9;4367.120;Панели железобетонные;825.000;0.000;825.000;0.000
ef63a522-79a4-40e9-8837-94c6b36f6bfc;1965;3;1059.010;Кирпич;694.000;0.000;694.000;0.000
d823ee77-5c7b-47c1-ae86-9593d340a3c5;1983;9;6824.460;Кирпич;1094.400;0.000;1094.400;0.000
c1c6e9fb-cbac-4cf1-bddb-97679da9fd35;1976;5;2768.100;ж/б блок;1042.300;0.000;1042.300;0.000
644ab665-29a5-4e74-aa40-98fc7e354d63;1962;4;947.860;Кирпич;NULL;0.000;360.000;0.000
815c4c63-bbda-46dc-ae9e-9957430b0d68;1973;5;3175.000;Кирпич;1057.000;0.000;1045.000;0.000
356850a9-928a-4bab-b6ff-9a9e07f4ac3d;1986;9;4201.360;Кирпич;795.300;0.000;795.300;0.000
f4089d3b-a313-4a7e-8432-9aa2441cd87d;1983;9;7666.550;Панели железобетонные;1230.000;0.000;1230.000;0.000
60081b82-463a-43fc-ac41-9af2d89cac7f;1982;9;3697.420;Кирпич;1108.080;0.000;1108.080;0.000
576be21b-e872-4bcc-b397-9b1fd582de22;1982;5;1379.590;Кирпич;460.000;0.000;460.000;0.000
8824571e-c53b-4c21-a027-9b48ae1ed697;1986;5;3296.970;Панели железобетонные;960.000;0.000;960.000;0.000
b7d88cb2-9519-4c01-bee9-9bdd0976b842;1984;3;1284.690;Панели железобетонные;605.820;0.000;605.820;0.000
427cb26b-1b24-4c85-9cce-9cd6e75a5b6c;1997;5;1263.230;Кирпич;478.000;0.000;478.000;0.000
2d7970d8-ac07-4196-9dd7-9d53fdcc5c1c;1973;5;5427.470;Блоки;1483.970;0.000;1654.740;0.000
8b12c84c-7900-4157-9607-9d610c2c26ca;1964;2;626.920;Кирпич;596.000;596.000;0.000;0.000
19e86cdf-083f-4f4f-a059-9d8caaa71132;1967;5;6091.620;Блоки;1750.000;0.000;1750.000;0.000
19e86cdf-083f-4f4f-a059-9d8caaa71132;1967;NULL;NULL;Блоки;1714.000;NULL;NULL;NULL
5a7076c4-3897-42c7-8043-9e29e130c5c9;1980;5;4599.330;Блоки;1314.000;0.000;1314.000;0.000
caf247f7-3e79-4c7f-8641-9ebdd3dce10a;2010;9;6537.340;Кирпич;1276.520;0.000;1276.520;0.000
213b176e-d8ae-462b-8a2a-9ef7f9e07013;1994;12;3470.460;Кирпич;561.000;0.000;561.000;0.000
69223375-20d8-4a45-833f-9f3cb452d2a6;1986;9;4884.740;Кирпич;871.920;0.000;871.900;0.000
5feab01a-d42f-4d29-8c9e-9f5013daa027;1971;4;2540.890;Кирпич;879.530;0.000;0.000;879.530
a6c44ac9-3732-468b-8394-9fd72bf7e029;1971;9;1917.510;Кирпич;348.000;0.000;348.000;0.000
c224e369-a729-43e8-a27d-a08d9349a9ce;1977;5;3451.020;ж/б блок;1887.000;0.000;1887.000;0.000
a701e1f6-8261-4483-aeae-a0da607181bc;1962;4;1300.810;Кирпич;611.000;0.000;0.000;611.000
74554a4c-4e92-4e8e-a103-a0eef6bc4cbb;1987;9;2357.610;Кирпич;1005.400;0.000;502.700;0.000
4a293767-3696-4678-9abd-a14f773fd8e9;1963;5;2025.050;Кирпич;506.000;0.000;0.000;0.000
c6eca7fa-d648-41b5-b20b-a1741f6d0308;1997;9;8688.250;Панели железобетонные;1476.000;0.000;1476.000;0.000
5dcaaf6c-8734-4228-b09d-a203caf4213d;1965;5;2566.060;ж/б блок;912.000;0.000;0.000;912.000
8bc8ad35-97c2-4c5a-b06c-a20865d1cc94;1978;5;3938.030;ж/б блок;1100.000;0.000;0.000;1100.000
7826a8d2-20f4-4924-a69f-a23c1e27ecef;1971;9;1954.990;Кирпич;359.000;0.000;359.000;0.000
28f334f7-0e10-46cd-b560-a29a49c198f4;1967;5;2517.180;ж/б блок;866.000;0.000;0.000;866.000
77f0b22d-9c53-4a9d-ab64-a2bad48c57b1;1969;5;2396.810;Блоки;765.000;0.000;765.000;0.000
f676b12c-304e-40ee-8bdb-a2d7502862c7;1972;5;4529.480;Панели железобетонные;1195.070;0.000;1195.070;0.000
25b3e376-bcfc-4926-9476-a32910a9c5de;1968;5;4555.340;Блоки;1196.000;0.000;1196.000;0.000
d2efd626-45f5-482b-87bc-a381035288a7;1964;5;2470.720;Кирпич;874.000;0.000;0.000;874.000
afb28d8b-9e9a-4e83-9194-a3bd354ed137;1977;5;3251.770;Блоки;900.000;0.000;900.000;0.000
d96f469b-ee63-4fb1-b525-a43adc42d26c;1968;5;2956.850;Блоки;774.000;0.000;774.000;0.000
f6dc9db7-9996-4605-88c3-a45d6760f708;1991;9;8058.530;Панели железобетонные;1238.000;0.000;1238.000;0.000
3758d152-7096-4b8f-b000-a4680289afc6;1976;5;3432.720;Блоки;1065.000;0.000;1065.000;0.000
00fd8bb3-42da-44fe-9618-a565b352c57b;2013;9;2691.000;Панели железобетонные;467.900;0.000;467.900;0.000
2508d377-c5bf-4aee-94cd-a56b61903a4c;1991;9;6213.770;Панели железобетонные;997.000;0.000;997.000;0.000
834d6c53-9c7f-41a7-aa0b-a67cf9ffbfc2;2009;9;2172.060;Панели железобетонные;422.380;0.000;422.380;0.000
7eeddb9d-3ade-494e-b647-a6afad661de0;1990;9;8330.730;Панели железобетонные;1238.000;0.000;1238.000;0.000
4ab3a7bf-c818-49b5-819d-a7118307b805;1983;9;3599.730;Панели железобетонные;579.000;0.000;579.000;0.000
d380f0b5-b728-4cf4-a4d7-a71d58cff7f8;2001;9;4308.820;Панели железобетонные;817.000;0.000;817.000;0.000
03abb360-5ab5-45e0-a4a0-a76ed8910fc2;1965;5;3468.360;Кирпич;1187.000;0.000;0.000;1187.000
70dec9ae-4da7-4e38-8301-a7a238e0e600;1982;9;3554.640;Кирпич;1108.080;0.000;1108.080;0.000
d076631a-c8c7-46cc-ba78-a7d60f2a8cf4;1970;5;3436.120;Блоки;884.000;0.000;884.000;0.000
8a5ba34e-98b2-42dd-8ee7-a83e2fc69efa;1978;5;2652.120;Кирпич;866.000;0.000;866.000;0.000
c2adf284-fac0-45f5-b5a1-aa6151dd2e96;1988;5;2105.750;ж/б блок;658.000;0.000;658.000;0.000
852defe3-4438-4c6e-929e-ab1ac4f364a4;1970;2;559.950;Кирпич;579.000;0.000;0.000;579.000
17a88a4a-57b8-4d46-8caa-ab7b2c34a281;1998;9;4427.900;Кирпич;843.140;0.000;843.140;0.000
b906ceca-80ea-4686-baa7-aca740e11513;1992;9;2468.220;Кирпич;348.000;0.000;348.000;0.000
2e0c4284-aa8b-48c4-801d-adc1d977da60;1978;5;3429.410;Кирпич;1200.000;0.000;1200.000;0.000
6c3edadb-3466-4106-9cfb-adf1cc4d6ed0;1991;5;2819.350;Кирпич;898.000;0.000;898.000;0.000
d66b23d1-04ca-490d-ad27-ae11032c53ed;1987;5;4473.210;Панели железобетонные;1247.000;0.000;1247.000;0.000
aba6173d-4413-443a-bddb-ae6d3640ad3e;1994;12;3618.820;Кирпич;565.810;0.000;565.810;0.000
b44c7dce-e826-4a05-959a-af867d4cf45e;1990;5;3649.150;ж/б блок;1050.000;0.000;1050.000;0.000
f8cc2a28-91dc-4d46-92e2-b03876060326;1995;9;6354.410;Панели железобетонные;1019.000;0.000;1019.000;0.000
b2d80054-bccb-4b8c-842e-b24a4a3ead65;1972;5;3454.810;Блоки;886.000;0.000;886.000;0.000
672887d7-0883-4f0b-8cc1-b2cd24a85ada;1973;5;2797.270;Блоки;1058.000;0.000;1058.000;0.000
12f679c6-55f1-4662-a71a-b2f030977073;1995;9;4383.290;Панели железобетонные;796.000;0.000;796.000;0.000
a253056a-2aa9-4284-8cfb-b33c52ad8a70;1998;9;4387.190;Панели железобетонные;825.000;0.000;825.000;0.000
dc897e29-86fc-402f-a6fb-b34659a0ad21;1968;5;3482.146;Блоки;955.000;0.000;955.000;0.000
0e1036a6-45fa-4f52-8b8d-b388a4fe66c3;1977;5;4577.250;Блоки;1309.000;0.000;1309.000;0.000
c07cab2c-34d7-47b8-bbc8-b43b1421ee42;1988;9;3556.560;Панели железобетонные;623.600;0.000;623.600;0.000
e0fa6e5a-8a6a-4ea2-a984-b45b156c5d45;1983;9;3575.570;Панели железобетонные;579.000;0.000;579.000;0.000
c86daa63-c108-4341-8940-b621b4500305;1980;2;365.960;Кирпич;288.700;0.000;288.000;0.000
89b11b07-5c3f-459a-819f-b6bc20330510;2007;5;1639.830;Кирпич;1025.000;1025.000;0.000;0.000
d19dd161-c290-4364-aca9-b6eb3738f3c9;1966;5;3332.060;Блоки;934.000;0.000;934.000;0.000
385575f5-2241-460f-8d87-b749967af0af;1965;5;3520.940;Блоки;1087.000;0.000;0.000;1087.000
0eb95ce7-5aba-40dd-9be8-b772924af75d;1978;9;3841.410;Кирпич;1000.000;0.000;1000.000;0.000
64c10749-b7c8-4dc5-8f9d-b7f1002c8dea;1990;5;4852.670;Панели железобетонные;1394.480;0.000;1394.480;0.000
18433152-d0de-4707-9e47-b969094ca48e;1987;5;3238.840;Панели железобетонные;854.000;0.000;854.000;0.000
ebddf3e7-79fe-42e2-9ade-ba435b8f8115;1993;9;6424.780;Панели железобетонные;1053.000;0.000;1053.000;0.000
018ecc3b-cfcc-40d0-a1a2-baf369baac27;1989;5;3640.150;Кирпич;1246.780;0.000;1246.780;0.000
29943294-5694-4970-bb39-bc5282aa2c11;2006;10;5261.610;Кирпич;609.490;0.000;1024.980;0.000
94c563de-83bd-486b-8a82-bc52f59eb3f2;1994;9;4422.840;Панели железобетонные;740.000;0.000;740.000;0.000
0005a1de-b1a0-4c0c-9712-bcc2ff4a6bd5;2005;5;1354.420;Кирпич;1025.000;1025.000;0.000;0.000
594762bf-fecb-41fe-b707-bd5a665388e1;1972;5;2944.600;Блоки;889.000;0.000;889.000;0.000
0a7a8173-6417-4096-9ab5-bdaaa01f76d5;1970;5;2960.470;Блоки;772.000;0.000;772.000;0.000
a1129efe-6b30-404f-a0af-beae2b83eb76;1959;4;2977.440;Кирпич;1366.000;1366.000;0.000;0.000
88902c71-6776-42a7-84bf-bee0bf202beb;1988;9;2098.040;Панели железобетонные;333.400;0.000;335.000;0.000
dd1b71bf-43a1-44aa-bddb-bf150ab037b3;1993;9;5468.370;Панели железобетонные;933.600;0.000;933.600;0.000
f5bbd333-6786-4273-b51d-bfc53ba503f4;1996;9;6375.620;Панели железобетонные;1016.470;0.000;1016.470;0.000
5e827ec3-782e-4627-beaf-bfe1ba7c1ec5;1996;9;4419.710;Панели железобетонные;745.000;0.000;745.000;0.000
18602e43-f0f6-460b-9b05-bff037f87b45;1964;5;2544.800;Панели железобетонные;882.000;0.000;0.000;882.000
b77ef6b1-69e6-4c99-9c3f-c01b4d443131;1980;5;6164.270;ж/б блок;791.400;0.000;791.400;0.000
55c11c9d-57ae-4821-aa71-c03d174ef4c8;1997;9;4406.660;Панели железобетонные;1035.600;0.000;1035.600;0.000
3bd84f5f-3f9f-4431-808e-c03f401b72e2;1981;9;3575.520;Панели железобетонные;573.600;0.000;573.600;0.000
eeaff7fd-c7b6-448c-a323-c05dfc35b23e;1977;5;3476.780;ж/б блок;876.000;0.000;876.000;0.000
813328b0-58e7-4aa4-b5f6-c0fe8afbd7ed;1958;4;2953.890;Шлакоблоки;1106.000;1106.000;0.000;0.000
fce2db74-28a4-4eac-95a6-c1269270601c;1976;9;4752.743;Кирпич;1390.890;0.000;1390.890;0.000
a85c907c-6960-43f9-b93e-c145db39ec5f;2003;9;4987.380;Кирпич;1029.980;0.000;1029.980;0.000
a85c907c-6960-43f9-b93e-c145db39ec5f;2008;NULL;NULL;Кирпич;754.000;NULL;NULL;NULL
14ab2016-c5fc-4303-bea1-c17a53ba1199;1972;5;3376.370;Кирпич;930.960;0.000;930.960;0.000
f887ee77-44bd-4ee2-acd8-c1e2b5017200;1985;9;3609.090;Панели железобетонные;550.600;0.000;550.600;0.000
1036cd12-c222-4eff-963f-c1e4307d3b88;1993;9;4139.720;Панели железобетонные;664.000;0.000;664.000;0.000
8acc95da-6b1d-4979-89a7-c2358b54438c;1970;9;1914.040;Кирпич;340.000;0.000;340.000;0.000
3305e947-6dbe-43ed-9e6e-c357f4c93b45;1993;9;6253.070;Панели железобетонные;1044.800;0.000;1044.800;0.000
75e94b37-d0ed-4eee-920e-c3f359aae221;1979;5;4560.160;Блоки;1372.000;0.000;1372.000;0.000
f63eee2e-d74a-4bab-8cae-c3f4f0cdf406;1990;2;361.590;Кирпич;289.000;0.000;289.000;0.000
b99fe77a-2343-4294-a2dd-c3fd9628a34c;1981;9;3535.320;Панели железобетонные;578.600;0.000;578.600;0.000
7786df21-4a2e-4e98-980e-c473f0692195;1986;9;3571.770;Панели железобетонные;581.000;0.000;546.000;0.000
980e94bc-9708-40f2-b4f8-c6725f731d76;1989;9;2076.410;Панели железобетонные;336.000;0.000;336.000;0.000
4154bbee-b247-45dc-9574-c67b614c633b;1964;5;4614.890;Блоки;1279.000;0.000;1279.000;0.000
86c75d02-d019-494d-b8f6-c75611da88d8;1991;5;3348.416;Кирпич;1127.220;0.000;1127.220;0.000
01ef04b8-1e51-41ae-b24d-c77adebfdf27;1986;5;1364.560;Кирпич;460.000;0.000;460.000;0.000
b3ebbae5-3843-4f7e-b048-c7aa5517eb62;1973;5;3037.300;Кирпич;1036.000;0.000;1036.000;0.000
78b2352d-66cb-4b76-af6e-c7cec7b87a29;1998;9;2500.780;Кирпич;472.900;0.000;472.900;0.000
7a3ee4fb-6b78-45e2-bcf4-c7e8ef5811cf;1985;9;3652.010;Панели железобетонные;617.000;0.000;617.000;0.000
786adff9-0134-45b2-891e-c8ccd3402dc5;1970;9;1856.700;Кирпич;340.000;0.000;340.000;0.000
41906cd0-9b8d-427c-b055-c956d9c13b32;1968;5;2318.340;Блоки;756.000;0.000;756.000;0.000
cfa0b7d5-262f-4f16-bb23-c9bc7119d2d5;1976;5;2981.120;Блоки;785.000;0.000;785.000;0.000
45f3a4bf-5e9e-4a19-9eb1-c9d66609cd8c;1984;9;3616.640;Панели железобетонные;1151.000;0.000;575.500;0.000
39da523b-9b8c-4f03-9651-c9d92759261f;1988;9;2488.530;Кирпич;400.680;0.000;400.680;0.000
929d799e-5e95-474c-ab16-ca2bec543d14;1999;9;4291.091;Панели железобетонные;1108.600;0.000;657.800;0.000
9d084ea2-3b5d-4741-9e2e-cab74f873966;2002;9;2215.380;Панели железобетонные;354.000;0.000;354.000;0.000
05a4d9d1-2c0e-4ce4-9e6d-cae7b3d11e39;1996;5;2418.040;Кирпич;830.000;0.000;0.000;830.000
3c095ece-5231-46dc-acc2-cae7ecb1c39c;1996;5;2451.650;Панели железобетонные;1358.000;0.000;1358.000;0.000
51a14db7-c406-4947-b3be-caf31ebf10af;1993;5;2816.730;Кирпич;881.790;0.000;881.790;0.000
7ec60331-45a0-4e5d-9b0c-cbb79880321b;1981;5;4571.480;Блоки;1313.000;0.000;1313.000;0.000
0139630a-bafd-4bd0-b411-cbe5f6912737;1971;5;2550.020;Блоки;990.000;0.000;960.000;0.000
e138524f-efac-4f5c-9429-cc6553d0950b;1994;5;2720.750;Кирпич;846.000;0.000;846.000;0.000
1b8c85f3-3edc-4b06-9810-cf7af18ce22c;1989;9;2069.940;Панели железобетонные;335.000;0.000;335.000;0.000
de548206-c337-4c1a-a42b-d03dcf391a05;1991;9;4218.720;Панели железобетонные;705.620;0.000;705.620;0.000
f4d08ec1-8f1e-40f9-af3a-d078064f1088;1995;3;1564.530;Кирпич;756.600;0.000;0.000;756.600
a3fd4168-0808-40fa-9f85-d095b2e51a36;1964;5;2974.150;Кирпич;2000.000;0.000;2000.000;0.000
f450c386-b9aa-49b4-864b-d0aa578c5927;1964;5;2606.810;Блоки;952.000;0.000;0.000;816.000
7d9cfcbe-e375-41b0-b46f-d0c5c1f4ba31;1989;5;3546.670;Панели железобетонные;1030.770;0.000;1030.770;0.000
e6a957ee-22a9-4692-ba06-d1211d039e90;2000;9;4375.630;Панели железобетонные;867.000;0.000;867.000;0.000
717fe65e-7498-4776-afdb-d1af26f876a6;1960;5;2490.290;Кирпич;707.700;0.000;707.700;0.000
51929f9b-70e6-443c-937a-d1c6015b9ec2;1970;9;1916.420;Кирпич;350.100;0.000;350.100;0.000
f9664116-ee65-4908-a4be-d1e4693e66e5;1965;5;3438.400;Кирпич;1010.000;0.000;0.000;1010.000
d883d4b3-03f0-4414-9b8d-d33e7d97d897;1963;4;2032.420;Кирпич;911.000;0.000;0.000;911.000
97c55fe1-9164-40e9-bb9a-d387232818f8;1971;9;1921.770;Кирпич;340.000;0.000;340.000;0.000
ac5e78ed-fa93-4c38-b38f-d604f70e08b5;1970;9;1940.970;Кирпич;340.000;0.000;340.000;0.000
0da15dd9-405f-4e8c-9fd1-d61515d42cb8;1995;9;4420.930;ж/б блок;791.400;0.000;791.400;0.000
5340ccbb-db9b-402a-9fee-d6265fb13796;1967;5;5166.760;Блоки;1560.000;0.000;1560.000;0.000
1c0aed4c-9c7b-4a99-80e0-d65906cbaa83;2012;5;2317.080;Панели железобетонные;720.580;720.580;0.000;0.000
e9cf94a8-c73e-472f-87d4-d6df64cfa1df;1968;5;3471.290;Панели железобетонные;923.000;0.000;923.000;0.000
8335c90e-e5f1-45c7-abbb-d6f2c616e55f;1986;9;3603.690;Панели железобетонные;1112.800;0.000;556.400;0.000
0d67533c-c3de-4ca9-a728-d82f3ee96a98;1994;9;4187.770;Панели железобетонные;701.240;0.000;701.240;0.000
234651f3-e7da-4047-b1f0-d95ec7629ad5;1993;3;1553.230;Кирпич;738.000;0.000;738.000;0.000
54205ab4-e58d-4d26-828b-d96b7009c32e;1964;NULL;NULL;NULL;NULL;NULL;NULL;NULL
e8529648-511e-4e1d-a46b-d9f3379c5246;1971;5;3242.740;ж/б блок;846.660;0.000;846.660;0.000
1ab8b15e-b18c-4ce0-80dc-da40a029289e;1991;9;4577.740;Панели железобетонные;798.000;0.000;798.000;0.000
6a586017-7f80-40e1-b3e3-da73a42ecf55;2012;10;8844.240;Кирпич;1554.500;0.000;1554.500;0.000
20fc982a-1ea2-42fd-a2f1-daf564ce1e5f;1993;12;3751.120;Кирпич;561.000;0.000;561.000;0.000
2672eaf4-fdf5-46f3-9f81-dc6b60605212;1960;2;576.750;Кирпич;456.750;0.000;0.000;456.750
9a8281e2-ecf7-443b-9a08-dcdaed21347d;2000;9;4379.450;Панели железобетонные;823.000;0.000;823.000;0.000
ae960d99-184a-4279-adab-dcf5d664ffda;1977;9;1918.440;Кирпич;330.000;0.000;330.000;0.000
0ec8d342-833d-4dac-a8e1-dd1ab5535bd8;1986;9;2414.270;Кирпич;589.000;0.000;589.000;0.000
79634954-aa18-4124-b5d3-dd315e5812e2;1976;9;4235.266;Кирпич;983.290;0.000;983.290;0.000
592c0ef3-2239-4d8f-9d28-dd94d6633825;1973;5;3447.300;Кирпич;936.000;0.000;936.000;0.000
f0b3efd0-5533-4d40-87ef-ddb23c2767b2;1978;5;4608.860;ж/б блок;1250.000;0.000;1250.000;0.000
5f150ce4-dbcc-4cbf-9adb-dde8d4c05aba;1988;9;7684.580;Панели железобетонные;1256.000;0.000;1256.000;0.000
1fd0f0e2-b124-4fa2-8af4-de288a8f366e;1990;9;5430.430;Панели железобетонные;839.100;0.000;839.100;0.000
5beaf4a9-45da-4f8d-a97f-de5c616c0ed0;1965;5;2438.490;Кирпич;914.000;0.000;0.000;914.000
3c0b0885-07f2-4594-85a2-de8101e827ab;1968;5;3485.990;Блоки;936.000;0.000;936.000;0.000
89047c9b-b64c-4839-80c5-de8d47312c7e;1975;5;3911.180;ж/б блок;1212.300;0.000;1212.300;0.000
224cdb86-9bae-48df-a24f-def3a0a2c46b;1994;9;4424.330;Панели железобетонные;933.600;0.000;933.600;0.000
135bbc9b-6832-4e65-8eb7-df47da7ef9b7;1966;5;3530.420;ж/б блок;1204.000;0.000;0.000;1056.000
b4a75182-7490-4605-be2e-df8d7da4282f;2011;9;4334.250;Кирпич;833.120;0.000;833.120;0.000
697d2d95-0f76-42d5-861f-e0db41474eac;1987;9;3605.570;Панели железобетонные;580.000;0.000;580.000;0.000
e7cfda73-f3cc-4c93-ae7f-e220183aa087;1987;9;3578.530;Панели железобетонные;580.800;0.000;580.800;0.000
ab2d4169-0e32-4056-9d85-e25f8a0bf18c;1978;5;6129.490;ж/б блок;1700.000;0.000;1700.000;0.000
90ce59da-459a-42b4-a0aa-e35982ee91fc;1983;5;2697.590;Блоки;690.000;0.000;690.000;0.000
b230d271-e438-4bc6-b2cb-e389c5f0685b;1983;9;4095.710;Панели железобетонные;659.400;0.000;659.400;0.000
3c0d4b25-a937-4e6e-a368-e504beaec9da;1979;5;1380.720;Кирпич;597.300;0.000;0.000;0.000
8012f310-1e2b-4299-ab17-e526bb68920b;1986;9;3792.820;Кирпич;1016.550;0.000;1016.550;0.000
4b9d5ee8-bf94-4e50-9682-e59e935656d0;2001;5;2098.220;Кирпич;720.580;720.580;0.000;0.000
83dcddd9-64c8-42d1-8dfc-e5da02632688;1962;4;2015.420;Кирпич;2102.730;2102.730;0.000;0.000
b84808d4-8931-4284-9dca-e77ccaea51b0;1980;9;1833.950;Кирпич;879.140;0.000;879.140;0.000
b84808d4-8931-4284-9dca-e77ccaea51b0;1980;NULL;NULL;Кирпич;370.000;NULL;NULL;NULL
8dbdaf40-0c1f-42fe-b16b-e83e7a6b60f6;1989;5;2367.650;Кирпич;809.970;0.000;1070.000;0.000
d362becb-9692-48a2-b24b-e8afe3930184;1988;9;5419.010;Панели железобетонные;835.900;0.000;835.900;0.000
58aac877-a511-491d-8b3f-e907cdaacebe;1989;5;3215.960;Кирпич;1079.260;0.000;1079.260;0.000
409e1b0b-d284-4a23-9129-e90c4fc0b792;1996;5;3486.850;Кирпич;1133.000;0.000;1133.000;0.000
91d3baaf-0c2a-4606-a9ca-e9a8b53f8d4d;1989;5;4485.020;Панели железобетонные;968.000;0.000;968.000;0.000
2810e0e8-0d12-439b-8714-e9fb231d3678;1999;9;4411.410;ж/б блок;818.000;0.000;818.000;0.000
b1aeb2dd-73b6-4e80-8a1c-ea500f9d87c9;1983;5;1362.650;Кирпич;459.000;0.000;450.000;0.000
0ea9b674-c6c0-453d-9d1d-ea52b8f2dc9e;1975;5;4603.080;Блоки;1213.000;0.000;1213.000;0.000
eb779261-976f-40c1-8329-edd70cb59c99;1995;9;2178.300;Кирпич;470.000;0.000;470.000;0.000
2c863825-83ab-48a8-a806-ee57d3b0ed2b;1985;12;3954.940;Кирпич;626.200;0.000;626.200;0.000
13efa976-2715-4dd4-860d-f09491e7eb3f;1984;2;380.940;Кирпич;295.300;0.000;295.300;0.000
56f36f6c-9994-43f3-9007-f0c14daf14da;1967;5;3412.800;Блоки;949.000;0.000;969.000;0.000
2d35bf33-0b52-4e5d-9465-f192ba6deebf;1993;5;2681.180;Кирпич;927.000;0.000;927.000;0.000
9166b73f-355c-4e2c-a7ae-f1a466730276;1962;5;2501.150;Кирпич;702.140;0.000;702.140;0.000
c3c0b9a8-6b3c-46ce-a165-f1a74cd32f2b;1964;5;3525.450;Блоки;1127.000;0.000;0.000;1127.000
2b3dc794-873c-48c7-837c-f1c11bb97364;1999;9;3905.020;Панели железобетонные;654.000;0.000;654.000;0.000
0f25585e-68f3-4338-a0b3-f1c36e13f1b9;1917;2;NULL;NULL;NULL;NULL;NULL;NULL
1a17464f-4ce7-4d01-bd3e-f1f0cb135fe8;1995;9;5377.590;Панели железобетонные;941.000;0.000;941.000;0.000
bcac47bf-20b0-46ed-a28e-f259668baf93;1971;5;2963.580;Блоки;830.000;0.000;830.000;0.000
e6873578-7e4d-4e04-a7c4-f2dc21815b9f;1972;5;2813.030;Кирпич;829.000;0.000;829.000;0.000
7d118324-b82f-4458-8a72-f323e7bbeaff;1990;5;3637.220;Панели железобетонные;1033.400;0.000;1033.400;0.000
25eb093d-1e04-412f-a3be-f328f871685a;1976;5;4567.370;Блоки;1200.000;0.000;1200.000;0.000
d4de98b0-75af-463a-a4f1-f353748b00b2;1973;5;4350.390;Блоки;NULL;0.000;1207.000;0.000
a09a11ff-41eb-433f-a6da-f4304fc3f4e5;1988;9;4916.840;Кирпич;733.800;0.000;733.800;0.000
5f9bdc65-c045-46d2-b987-f4d0f4789c0a;1980;5;4629.130;Блоки;1207.000;0.000;1207.000;0.000
a8bb2035-06a0-49ba-aef6-f4f9712ab024;1980;5;4581.000;ж/б блок;1205.000;0.000;1205.000;0.000
4facb2ad-501c-414b-9531-f60783814e82;1997;9;6595.250;ж/б блок;1123.500;0.000;1123.500;0.000
04e668c0-e11d-44e8-8ee3-f6154b129f86;1979;5;4591.860;Блоки;1328.000;0.000;1328.000;0.000
6b9258c0-db10-43f1-8803-f6b376104178;1964;5;2545.140;ж/б блок;900.000;0.000;0.000;900.000
29f15794-837d-4393-b8c2-f72a55aed39a;1974;5;4636.520;Блоки;1220.000;0.000;1220.000;0.000
8e124ac0-7326-4de2-8388-f7deb8a91623;1991;5;2659.830;Кирпич;839.000;0.000;866.000;0.000
240ab88c-e7ab-4317-8e95-fa87a8500332;1970;5;3384.670;Блоки;884.000;0.000;884.000;0.000
ee0eeb09-a390-4774-9146-fadd1a7d487c;1991;9;5422.470;Панели железобетонные;957.500;0.000;957.500;0.000
4d373723-33ef-420b-94d7-fb29150661b6;2017;3;911.200;NULL;NULL;NULL;NULL;NULL
dcac9f3a-41d8-4d64-b2a6-fba2cf8d47b6;1979;5;3363.940;ж/б блок;947.700;0.000;947.700;0.000
88fced76-f389-469d-926f-fc0b73ca5feb;2007;9;2113.940;Панели железобетонные;438.890;0.000;438.890;0.000
ed9970da-989d-42ea-a79b-fc25af8ee9c5;1962;4;1312.720;Кирпич;469.120;0.000;0.000;469.120
a0f4aae4-6a67-43c2-85e1-fc382e3a7100;1985;9;3583.420;Панели железобетонные;602.000;0.000;602.000;0.000
1ed1e80e-28cf-475a-8b54-fc5148b94c6a;1993;3;1908.770;Кирпич;892.000;0.000;892.000;0.000
29620908-8470-4c21-b9dc-fc76be9e08fc;1958;4;2970.860;Кирпич;878.000;0.000;0.000;878.000
c9163da3-6dbf-4f8c-9174-fca675abb586;1988;5;3284.220;Панели железобетонные;910.000;0.000;910.000;0.000
aaa12c1e-875a-44e3-90d8-fcef63ceab80;1995;9;4180.480;Панели железобетонные;674.300;0.000;0.000;0.000
7944165b-814a-442b-80a4-fd188cc16f52;1987;9;3600.810;Панели железобетонные;439.700;0.000;464.000;0.000
3a3f283e-f7f1-477a-ba19-fd50f311dba3;1966;5;3435.970;Блоки;1100.000;0.000;0.000;1100.000
7341f0c1-d066-4379-8a96-fd6baf55c347;2004;9;6573.720;Панели железобетонные;1241.830;0.000;1241.830;0.000
1ffbc894-9192-48ca-91c6-fd724087f909;1968;5;3469.160;ж/б блок;913.090;0.000;913.090;0.000
a166db0c-e296-45f6-ae2f-fe44ff0fc9e9;1967;9;1928.570;Кирпич;356.700;0.000;340.000;0.000
261f583f-faf3-48f9-954c-ff912773b876;1974;5;5575.620;Кирпич;1913.140;0.000;1913.140;0.000
5ebc28a8-7415-4c43-9554-ffb14cdf534c;1990;5;4167.390;Кирпич;1487.200;0.000;1487.200;0.000
196eccc6-82f1-4d06-8b49-ffb152f848b3;1983;9;7732.950;Панели железобетонные;1256.190;0.000;1256.200;0.000