,address_uuid,volume
0,82c2ad6e-27db-4541-8e5d-00163bbe622e,4091.3473118543625
1,e68f3476-3f10-4374-b682-00de840dae3c,2375.1066045612097
2,e9eb42b5-40b1-459b-b75d-00e01b3dca51,4754.767343044281
3,62f5beff-2753-490c-8115-01cfa320ee40,7455.398431301117
4,90d1cab6-1aa0-4c28-9df9-01f930e6dede,1607.6804417725652
5,623da0de-ef52-484d-8063-02962bb87e9e,3068.0883466005325
6,4772dc31-92ed-4bc5-ad61-02bb97c68a59,2123.9343576580286
7,60bd6606-7e08-47b6-aef4-0495e5c77446,4868.532855272293
8,460edd97-5b51-4538-b502-04a49778b4a1,2135.4770366065204
9,0e282991-d3ed-4f15-a878-05d235ca34e5,1972.6719599924982
10,85c94654-3955-49b4-81a0-05fa8a6d118d,4269.504151940346
11,a20c348a-f29d-4ff6-a97b-062eb8c88de0,2604.7636267933995
12,727ce93c-1e4a-43e7-a9a4-07274dabe8a1,4821.349910259247
13,724dcbad-b9b7-48b9-b4d5-0a48356638d3,3695.3799892663956
14,927aeffe-0842-4894-8ada-0a91ccdf1692,2583.366591244936
15,61bdf276-06dd-4344-a7b1-0a986aa7f07a,3318.1009174585342
16,e1b4025c-c231-4670-a0a8-0b0a29a09b79,4073.001226067543
17,641292c3-b381-490d-8cf0-0b67d5fb19cb,2728.9025140181184
18,1d560926-0842-47a4-be01-0c769b993dbe,5413.061410903931
19,9c60bf12-7800-453d-93c5-0d17aa987f0e,2137.025836300105
20,4e91971b-761d-45c3-83cb-0dd19288e303,
21,0e08a852-15f9-4fb2-8971-0dd7a6a55b97,1921.1637368611991
22,1068268f-ce72-47f9-be38-0e7feef4293c,3262.2500923871994
23,d289071d-fc5a-4a92-9a59-0eba5d446cd2,5616.217649936676
24,e7e21d61-7891-4db0-9a88-0fe3de314aaa,4161.485702753067
25,38f8b40a-bb72-4828-a37d-101231ebba95,3504.8802515268326
26,92a6d9c7-6251-43ff-a6f1-10eb04b138dc,5436.830997228622
27,333e77ed-f2c8-4fbf-b257-1108b077933a,3672.855697274208
28,98ad88a0-2265-4075-a2e4-11883e6bbb90,2507.491995830089
29,2193141c-410f-4828-993e-12f9422d1d5d,2049.3922106660903
30,2cd0c73d-4576-4563-8dbc-13226e6f616f,4440.999680280685
31,bef36531-9088-403a-aa21-1404df42873d,4076.6934237480164
32,21a3a182-46c1-4ba7-bc91-1512b1197bea,4291.083901762962
33,a5de8ac1-ae04-4ee0-a0ee-15159cfbac05,3403.9192041158676
34,349622e0-db6c-4ad4-aee8-15363964112f,3153.572479367256
35,aa13b9ce-a041-46db-8aa4-155ff6048a50,3655.8187626600266
36,d6d2b50b-4cf9-42c5-840f-15888e1c611f,2898.6910051107407
37,608bef0c-072a-46a9-9d31-169e10478484,1736.757989693433
38,f420a29e-e437-42fe-b273-178acb15f510,4881.101753473282
39,f5d57ae5-3807-498a-a18e-188fdd3262f1,3598.31149828434
40,a7ac2f9d-fd78-49df-81e0-191ee192f11d,3192.505932331085
41,c88fda55-e422-4511-887a-1991701e015f,4163.296224355698
42,167a1df1-882a-439a-8119-19991d89d7c6,3271.7595291137695
43,167a1df1-882a-439a-8119-19991d89d7c6,
44,acab0a0b-ecfb-44db-9527-1b16e289ebc3,4302.56575191021
45,3b640ac1-be90-4f1c-aeb6-1b73f5c59bd6,2524.8168543111533
46,e1c105aa-c583-4afa-b966-1b75ebec40c4,5759.782763957977
47,2d45f468-e8b5-4256-81b6-1bbf1f62b643,4252.969297170639
48,14c9c478-464a-412c-ba80-1be12c132f57,2819.37876175344
49,5b5d0f68-23fa-4b4e-beb8-1bf1c679e4ea,
50,d41f1d33-a04e-4b0e-9756-1d1e5d751436,1814.6036239117384
51,c8385af8-e26d-4e7d-a392-1d4bf5da72c7,1793.3928434699774
52,e8fc69b1-8b82-494e-9e1b-1dc5e1e9c1ed,2639.4869047403336
53,cf763e8c-90f7-4976-a309-1e04820a5ec6,5782.088660955429
54,2442be8d-d685-445f-bcc3-1ebe920d1120,
55,2442be8d-d685-445f-bcc3-1ebe920d1120,
56,91322371-0545-445f-860e-1f09b1167ac4,
57,ae9b423a-3e20-48c5-803c-1f3631b40e05,4051.0495455265045
58,e7f3f53c-67d6-4a3e-a34c-1f6c99b091f4,2963.789354324341
59,33f95f77-1ae1-4c77-a06d-1f6de00df17c,2762.2569229602814
60,a649e12e-99d1-4ce1-b273-1f972f6e7bf9,3462.4898668527603
61,f57cf6c8-0dbd-48c0-991e-2087897e2d8d,
62,9046e370-fa2d-439a-aeb2-21102eca4fff,5685.71170258522
63,bcd0510d-30ae-4d39-a30a-212986a89eb4,115.79855831339955
64,921036e5-b908-47d6-8fd8-2139a9d1e14c,4862.235988378525
65,a3d5da3d-8b1b-427a-a31d-219c37fc8af2,3000.2567015886307
66,b8918ac9-9f4f-477e-a8f7-21a9af5e2bed,1639.831030100584
67,ccaf80ae-2c1f-45fc-8146-21b1f5b1305b,2786.631282582879
68,38e7256d-ea09-48fe-90ff-224504b228bd,2207.332792542875
69,ad97b8ee-4aa8-4293-a820-2249bf190ca8,1706.1204002387822
70,9d8ce6cc-847e-4a42-b8d2-22505bad5c4b,2293.239319562912
71,05e4aedd-ba05-495c-abcf-227d3ad25fad,3037.1876060962677
72,dcbd0a76-cd46-48a4-935b-229cddd35102,3424.2799863815308
73,e86aae9a-45f6-4dff-8c90-22f998fb82ff,5202.572362422943
74,b46bf3ed-d94c-423c-a8f3-2356543823f1,
75,666927b5-0c25-44b7-9abd-23be4ff2d0c5,1868.5328739024699
76,47be641e-09b3-4249-8df0-2403da2e1bd0,1685.3554278202355
77,2a77443a-20d2-4d19-82eb-24657958f64e,4604.754895448685
78,db1e7fd4-7f85-472a-a1e1-246f21de4791,3616.6436927318573
79,265f23bf-6b35-4e25-a7ec-2481799fc81e,2569.4582336060703
80,d3c65414-2abc-40ad-9c9e-249df52f1a6d,1592.6734096873552
81,61407a19-a77d-42b0-82f3-24bd9416779f,2897.229961514473
82,57888e14-742e-427d-a733-24f41c2a78f1,3075.414328932762
83,f97d5d76-5ecf-436d-bde7-25657ea2e65a,1796.748685227707
84,2fa1a08c-30a3-4d42-9d85-256d0d4858d8,2492.981378763914
85,e8e811c8-c78e-4aaa-bdff-25f9f3d6d9db,2525.7022803649306
86,1246bbc9-91c0-4cce-80be-25fae256e174,1750.1217719428241
87,a4166c3a-24a3-45cf-b126-264340b3b23d,4461.397724866867
88,189f7416-145a-4f91-ace2-2668dd7a37a4,2119.7566460072994
89,3c225aac-c0fa-4555-ad3f-26edc8f30ce3,
90,8ef884fe-e7c9-444f-bd0a-273e2975ecca,1524.335394475609
91,de6baf4a-3932-48f0-8a91-27bb7716444c,2592.2824716567993
92,89012e59-67cf-4080-91c4-27bccd8f0389,1783.0648215301335
93,6e49a3ba-c353-404f-aa66-27c79ea9ee8d,1994.58426438272
94,6d674625-31ce-4300-98f0-28e8ab7b78b8,2301.724632114172
95,0c96b1a1-bd5d-4685-a107-28eba92a9b91,4913.90984082222
96,c77c8ad4-945b-40c5-9642-2a18f0766b36,3016.367824435234
97,9afd7de9-b6e4-443d-8335-2a392a922f37,1667.2094749063253
98,a61f5fdd-2e1e-4a80-a212-2b8c72a63a49,4886.694719552994
99,d8d75ec2-60b8-4d33-b485-2bf0a0de0ca9,2132.1923651359975
100,d8d75ec2-60b8-4d33-b485-2bf0a0de0ca9,
101,7aab3aa6-2613-46db-add9-2ca424b0cd46,5473.448325872421
102,65f14ba2-ff5b-4ef2-bad4-2cc908ada334,3893.4191193580627
103,83a9e737-f9d9-4bda-9a80-2d236dafcb01,2985.090042233467
104,3b4563a3-7bcf-4fcc-ab12-2d8ef38c45c8,1727.718741947785
105,a7b47294-1158-461b-aed6-2dc403565b44,6207.137373685837
106,e1c09149-637f-41db-a88e-2e57ee423b97,3241.6677808761597
107,a939070a-0832-4c7d-bf79-2effa9151cd1,2583.692871566862
108,c53a26c1-35e2-484b-ac9e-2f01a5f83bb2,3143.4311587810516
109,e927dd16-bc7e-4377-aba9-2fa9ba983fe0,2455.9391875714064
110,ba83ec19-e405-4d3c-b699-2fde667bc4ba,2615.1507682800293
111,4654bf74-159d-49fb-ad2b-2fe16380244f,
112,d0c19674-c0de-4fa4-9bc7-2fff3a50bbb7,1640.9906562566757
113,e40aaac8-af24-47ac-a9e9-3082a04490c9,2998.029450774193
114,38fa75b0-6c82-4d6d-8a76-3112cc9c4414,1582.656178748235
115,532f1234-a77f-454b-817e-3143d73104b0,1886.3783714957535
116,3eba8c4b-2787-4da9-ab89-31a0a8d8a90a,4293.74376475811
117,47655c4a-d61d-4914-ae48-31da98c8fd06,1730.9449459072202
118,f51ae43f-ed62-4a9c-a84a-31f0ea1c23a0,3443.6354030370712
119,be26052a-9960-48d9-af68-322630339a77,5389.885408401489
120,8a139af6-8468-44bd-88fc-32883fe64ef0,3532.5757340192795
121,676ef8f4-1b76-427e-9e0e-33029ee6e80d,1777.6618475988507
122,f1e1b2ef-9c58-4c0b-a82d-3407016896fb,2996.852124810219
123,616104e2-2057-4703-ab6f-37292a24713c,3181.4943969249725
124,23f03f1b-07aa-4366-b246-373d61210f70,4252.114076256752
125,a4eeb80a-724c-43b2-9ac0-3752e607c28d,4824.917323112488
126,d3a20645-d142-427d-8b61-377ae1dc16b8,5090.595545768738
127,dfbebea6-34d2-498f-87f4-37cb81c3e226,2722.1271753311157
128,5e73bc3c-9a5c-43e1-b979-37e7b4707021,3315.555641055107
129,5a2fa5d0-3aa6-42b0-a5dc-3852121dafbb,2210.6992034614086
130,1aea2918-5176-4927-b675-38aec924857c,1436.1764474362135
131,fa9904e9-ee69-4eeb-b85c-3972a1c4267d,5757.162658929825
132,78bcccc8-c695-4bb0-aaad-39d8b29d096c,2971.136301726103
133,e5383b23-924c-4843-8975-3b1b36e76d2b,2644.950212597847
134,86cf8731-c2be-482b-b239-3b32f6a5cbf4,4545.083889961243
135,f49b8c17-c6bf-4ea2-a858-3ba8598e3054,1149.4798710495234
136,f49b8c17-c6bf-4ea2-a858-3ba8598e3054,
137,27a542ba-12f8-4f25-96d8-3bca378eec2e,4784.834756374359
138,9b322d0b-595b-4cf8-8419-3c4f77b2a395,1947.4519542902708
139,b27e559a-9b5a-42cd-9ce6-3c5032918cf5,3485.9913779497147
140,c7b6f761-3317-4bb4-91a3-3c71dcb1fccf,3338.8378459215164
141,0d70e868-4230-4d3b-8fdd-3d21a6ce9d4c,3749.1158715486526
142,2a8a9245-eb84-4af8-a09b-3d299806d931,1739.6315490473062
143,04696a6e-f2cf-4596-8b37-3e16aff0bf75,1908.4499540552497
144,1d8aa69d-738f-4cb3-8f98-3e5daf80bc99,2586.0586981773376
145,e2d8bbe3-50bb-4d9a-b001-3f4dcda052be,1226.1475456450135
146,c5227406-8dd5-4399-901e-3f892e0657f6,2073.1763685159385
147,bf2f1a61-17fe-422b-8c69-3f8adcf97125,3440.146285533905
148,9cb4b27a-c33e-4207-9e02-3fa69c4a8d22,2878.6181716918945
149,22fc0c7f-0385-49c0-9127-3fee8ee1d9bb,5738.182527542114
150,21b3cbd2-12fd-4b0d-8c25-407c29f5086b,1162.224323861301
151,cced1611-2e26-4144-9439-40f67d0fae16,2167.1148178875446
152,c7151ebc-7d57-41c4-8225-42730bf72c88,2769.4314839839935
153,e226800b-6abb-434f-8e09-4332522ba731,2204.2300428450108
154,f94cc293-25dc-4231-9313-433876701699,2890.7675592899323
155,c3e15ac8-d3a6-419f-ac3f-43d394d05060,3467.82829618454
156,a31e8619-5cab-4bcf-af43-444587ad448c,3933.722613096237
157,871e8e87-2cda-497a-8e41-4468ab0ffc81,2517.4576027989388
158,79336841-3ce1-49e5-955f-451ae79681b9,3005.536081790924
159,a190e5b6-fa51-437a-aa0f-4520599ad55f,2915.8380869627
160,3fe06ae9-9751-47b5-be69-4586bdbbc9f5,3548.4588795900345
161,9d0edda8-c934-4c32-a7cc-465886772615,
162,b1cb6f44-136a-46c1-b56c-468a3453743d,2689.7299989163876
163,cdf1333a-b2ff-4aa7-9364-46cddbb994a7,2633.31545817852
164,b1ab4cb9-3502-4c37-9a47-46f482a5dc55,1719.4091371931136
165,7a985f0b-391b-42db-962a-47370b1e5ffb,2406.598593324423
166,fc322ca5-739f-4701-a5cd-4800df874872,5765.557735681534
167,fac62be6-5a01-4e04-a5d8-48373da790b2,4170.510461091995
168,79f1f182-02ec-4cc9-8814-498b72d9b81d,1694.4928043708205
169,5bc244bd-7b7d-4234-bec6-49f73cd0d4ab,3951.625694155693
170,7fb5d44b-ddc9-4667-a0ea-4ab8ebc5c1dd,5120.516559839249
171,b83ccf98-82e3-4098-8b5b-4afb3ce1aa2b,3526.1681257486343
172,ff87b2b7-4a10-44e9-9d0f-4bb145f05b60,
173,4e81db29-d16a-491f-bac6-4c08ed920a9f,3302.5692032575607
174,86bca579-b588-4f5b-8d3e-4c32a0ad027f,3034.963444828987
175,c3c5b337-940e-4bf3-af7c-4c3c92992c05,3273.5689655542374
176,65bda727-7fd3-4af6-84d6-4c63f4251ffd,1708.3562426194549
177,c992015d-efbc-46a1-b160-4d07669dc676,4144.065466046333
178,62f24a87-a3b9-4989-8d26-4d1e9cd3e255,2758.6502190828323
179,77c32ffa-8ced-4c5b-b3ea-4dcba2e625de,4187.346574425697
180,aa074ced-f7cd-4df7-ac8a-4e16d16b7f57,3951.499166727066
181,4511933e-1a95-499c-92bc-4ec00312416b,1679.8828854132444
182,fe6bc411-d85b-4723-83e6-4ef7769b2ef1,4122.361543297768
183,bdbc5938-aa5b-4caf-8bd1-4f7db9973bb4,4144.464658737183
184,786f92b9-1a8e-45df-9183-4f8ead2f6e5c,3028.754008293152
185,8bd868f3-1f18-467d-a4a8-5073b24d188c,1773.071748033166
186,8c9459a4-fbd8-494e-aed3-50db1201f735,1686.857831792906
187,ebc1aace-3557-4e2e-9401-513360d0fa85,2477.1627396047115
188,fc15ca94-2078-4c91-9d39-5254fa87b7b4,3843.984108686447
189,4e2bc713-08d4-4fe7-a757-537a474bd051,1549.4418009836227
190,cc07db70-9012-4bbb-bc0f-53f8ca1cd5d0,4320.824312090874
191,5b14846c-c9b9-4aee-8e25-54290b9b4678,1938.554821582511
192,6b22ce19-84b1-4dec-90bf-54c17592d061,4411.362154483795
193,2a896c8b-4d2b-41ae-9a92-54e95fbd0ee4,3068.5463973283768
194,581c1a6f-8b26-415b-8144-551edc3bf94b,
195,aa990feb-beea-4806-8b13-551f975092ee,2823.103243559599
196,6bc52eb2-c3a5-4297-ace0-552f71bd6cfa,4908.465948104858
197,ea9bc67b-c726-4e19-ad0e-55768a9c9142,3643.6779642105103
198,4593c91a-8b75-46e4-83e5-557d730abea0,3671.0864366292953
199,53b2939e-a441-48f7-bea8-567cf79f535b,1352.501632913947
200,75a74a62-4f00-476d-b9e9-568444453c36,4254.94409096241
201,f6510c31-6ea6-4cbc-93a7-571ec7c05d1b,4105.904548048973
202,32bdd37c-1ebd-4bf0-a6a1-584bc85aab8c,2663.1850692033768
203,530314c2-29e1-4471-bbf1-58738a9e2859,1805.5945216808468
204,8bb41bf6-aec0-4cc9-9c94-58bec820cff4,2309.4186186790466
205,6c3da2bb-bba3-44e0-a107-595665e8b3fe,3456.947311758995
206,746c8ed6-783e-4513-8440-5972e579e4bf,1693.687594499439
207,b13bba64-2e2c-4b47-91c1-5a741088977c,1633.0238434113562
208,7adbac1e-3bdc-4de5-b59d-5ac29926a612,1808.1376077607274
209,df4ab3a4-6aee-4e33-8ba3-5adae520ba6a,3259.407460808754
210,ac92bda2-0e33-4177-9be4-5b1c3a4eb935,2249.811032027006
211,4b2b2754-09df-4616-9b0b-5b864ff41b99,4066.4064923524857
212,a3b02e79-7d70-423f-b318-5d1516f2a9a2,5026.1216678619385
213,d6b3bdfa-e147-46a1-bee9-5e3cf638564a,2917.996005743742
214,a4b0fada-c9b5-4822-bc5e-5eb22a471293,
215,067123ee-5bf7-490b-b730-5f33f08cd92a,
216,c1cb2572-87f2-4f52-8d19-5f369510b1e5,4265.586424708366
217,3ea2a732-65a8-4745-ba85-5f58377f37de,3237.5630774497986
218,a7d07536-ccdd-4b94-b4b3-603c9616dcac,1792.940223902464
219,34d3609a-29a8-479c-8e6a-6062dcb211cf,
220,9d90869f-de9e-44f4-b730-60796338be02,2466.7087602466345
221,f3ab9890-a2a6-47ee-be3f-60f1050575a5,2595.157552242279
222,0a96b380-5844-4bc6-b5f9-6156976c67f2,4166.550430059433
223,d4a5ff51-2de4-405d-9a59-61a102f9778a,
224,7eef64ab-8331-40b8-91dd-6285ea6f943b,2683.152508854866
225,96a9bc79-b44c-446e-a71f-62ab0f7a6784,1711.2719740346074
226,4da0e501-9e72-458e-902b-630573c80e22,1956.3795187957585
227,a720fc3e-977c-4a64-8b26-63ca17d98df0,4492.689141988754
228,4a50e97b-c979-4494-8629-6474becf0ed3,2675.295063443482
229,c5534648-b719-4dfe-8530-6498a4c086d4,3843.900787591934
230,a3c562c3-1384-4640-8394-6662a859cb77,1746.2574350126088
231,798d06fe-ab55-4b7d-b831-669c222a9285,4843.1788783073425
232,2be2b4bb-a792-4991-84c6-6894065a986e,3075.26020860672
233,2be2b4bb-a792-4991-84c6-6894065a986e,
234,d5378a17-40ad-48b8-83e7-691b3b940727,2829.7694465965033
235,205b50ff-bec0-4117-bfb7-6985f7024ee0,
236,97431017-d37c-4478-b319-6a4530b787f0,4231.255549788475
237,05cebd67-8862-4eaf-95db-6ad109967806,3807.5488727092743
238,e1c2cbeb-641a-476b-9206-6b710cede2ae,5647.013979434967
239,473082f4-5ed4-4055-abfd-6bb07d8e3753,2400.791178584099
240,05867c08-5008-4e64-983a-6c165280a183,3684.440046310425
241,d6257b7b-d68c-449f-aef3-6c4af1a2d78f,4072.235248565674
242,9fedc93e-aca9-4684-aed1-6c4d22e73b38,3514.9456654787064
243,34f074a5-5f10-4540-87e4-6c58b3eccf5a,
244,ae5cdc47-5068-4ff9-8a5e-6c6ec0572d3d,3018.6512209177017
245,98321412-d304-497f-b31b-6c7a52bec4be,2203.956214962527
246,c9ea8d70-af7c-44d0-9502-6d0247b7889e,4177.166279673576
247,dbcc26db-7555-4c26-8253-6d0df1ab70ca,3856.3772904872894
248,b925293e-6713-40fa-b0c0-6e1faac0bd6f,
249,4e4f7549-851f-454d-8c03-6f4f911cc450,4162.4752777814865
250,7eb2b4ef-3d5e-4f83-b085-6fce0e41bc9f,3280.994798541069
251,cb069fa8-2338-49e0-b29e-6ff50c090a53,4281.717864155769
252,96db4ee3-d1da-4708-975e-71af57c0732c,4046.899840116501
253,1180c488-99f9-4264-b8a8-71b8e014bd09,4061.7498717308044
254,00cc28c1-3c57-4e8b-aaa1-72083f02c6cf,3038.46852517128
255,1ccd80de-27de-4f37-b93f-721264dc463a,
256,2a26953f-4b1c-42b2-9953-72372ba80d4b,4429.418101072311
257,b58cf9fa-b2fb-45c1-9b2d-72b1023b9750,4534.140144586563
258,42783c1c-ea5c-4474-ad33-72b9bc0e552c,2742.4921967983246
259,0114ee66-034c-4ca8-8935-742df66ee0d3,4482.036970615387
260,df2985bf-2f1c-405e-8470-7480fe8829ef,3303.9574086666107
261,252cd76d-0344-418d-850f-74f04fdb007c,3050.873664498329
262,a91ad2a8-c332-4d5a-aa83-754489f742c8,1068.806162001565
263,8627d669-0dd2-4241-8e79-75687439af39,3193.049010872841
264,fb8b2faf-778f-48c0-95e6-762bf558980b,3698.4228197336197
265,a1078ee9-12f4-4292-b204-76fefb1f3e89,2775.852221876383
266,250821bd-8162-4fa0-90a2-77151e6ce4b7,3763.109893798828
267,ca7c8671-de30-41e3-b3bc-7725c4804138,1463.7844677641988
268,c8213785-6689-4736-8576-77e3539d50d6,1836.8552041389048
269,ee7d4dd6-8a4d-4df0-aeaf-787e76525cbd,2953.269920706749
270,c2a0aedf-09fc-441d-bbee-7905faf77ada,3020.890422940254
271,6a331bc5-9d9a-4f1b-8fc5-797c1eabb7aa,4078.220377802849
272,3975d897-cc3c-4434-a348-799e52b27454,4092.0211054086685
273,abd58f23-1cdb-4e25-89d0-7a85f2230453,4583.174582481384
274,22e7b113-ab05-4ff1-867a-7abac04f1917,4398.182622671127
275,00d892b3-6391-4c13-aca7-7ac788076768,3393.287541747093
276,4fb7730c-fa9a-406a-828a-7e6267fb4fec,1683.1340779382735
277,2ae2fb9e-b25b-4b7b-9de6-7ebe3abbdb12,
278,138cc697-65c2-4fea-980e-7ee83badfb30,2555.880875814706
279,ac7d8e13-2dd2-4881-a67d-7ee94e61fac4,1695.7399199940264
280,4fe4df43-8186-4383-81b0-7f3fb56b1e54,2986.5148055553436
281,2cb31a99-d301-4178-996c-7f46fa3737ba,4958.168528795242
282,84e00017-87df-4208-8884-7fba89c35724,3506.2888890504837
283,1879e2fc-f508-41c2-9300-7fdfcf02c033,4442.484939575195
284,660df33d-a9da-4e85-859a-806f5a7b901d,3649.9316450357437
285,be27e4ec-b0fd-4bce-8869-81307f221bc4,4213.361912846565
286,bb80235a-f3b7-40cf-830d-81acd5a89a2b,2565.8505946584046
287,4a0cf6ee-cc74-4580-afa6-81eb4fa4dc27,1871.647643044591
288,238ee25b-8a77-4d35-9391-81f27e81937c,3125.750170946121
289,ab1875b4-894b-4b10-8b2e-82a61b368b0f,1782.6946195866913
290,9c774cc3-8e1c-4f64-a4d8-82b75f0e778c,5755.499014616013
291,3a3f715f-8114-4a3c-ac69-831100faf05f,1699.6240854728967
292,b4a39f81-ece2-4a8d-b437-8342fa6b31ca,1771.6655966825783
293,a54e7f41-3fcb-4ce3-8dc8-835a2beda17e,1442.555880760774
294,90e8b574-3d81-47b4-bdf0-83829610bc70,2833.66492331028
295,3dd29276-2501-4a92-a73f-83d99b48b974,1792.8502798136324
296,facfefbe-b6ea-4779-8139-851ccfeb6939,1689.5832455419004
297,4e446aea-4a61-4693-993c-85c4ebad3cea,4780.4572904109955
298,08f8c06f-a7ee-4aee-9f7d-8689b0782525,
299,6b6069a9-5edb-4f14-8067-86c84555e0a4,2159.2370078265667
300,d06c5d99-3a94-4a48-a7fd-873161446774,1571.9030597619712
301,3fc3060c-a685-432d-80d0-875109e17e6d,3064.3692442178726
302,738cee13-6901-4f1e-b00a-877415492ceb,1534.1046460233629
303,66b2d248-bd1b-45ce-85c5-8880c9e03567,1804.5655512325466
304,58351cc7-340c-4dce-8062-88d10cdaae72,1930.4512742068619
305,cd18a861-15d8-4110-a228-88f6fa45e145,3010.665441632271
306,07170815-f6b6-4290-98b0-8914e8b3b49f,2874.6178596019745
307,cd6687c3-0ebb-4803-a5ca-896181d513b8,2460.6299702227116
308,83b8a503-2920-496a-8bfe-896c68225e8b,5379.972780227661
309,9124a718-2be2-4b26-bc13-89740d4ce4f4,1813.3989832401276
310,206b4989-93bc-4b38-895e-897ffc6e4661,3474.77528488636
311,d62f1788-eb84-41a8-9adb-89ac6a5e95f2,
312,7069333f-7131-4717-9f4a-89f9e9e21a34,4278.771970272064
313,047523df-3113-4606-a628-8a7f74f392e2,1566.3645998127759
314,9b9c9a49-2072-4679-a18d-8b0a548d40b1,3720.8764609098434
315,7ec6b821-35f9-41da-be1f-8b7269034c6a,1714.9327790457755
316,584f42c3-d54f-4cd9-8161-8bc67c469634,2298.6388632953167
317,ea25fc8c-bcae-44e4-a669-8c57a32f5351,1829.3647985756397
318,ea97fdaf-3f42-4ae8-955f-8d14d6df984c,2225.6546706557274
319,c6958fde-e958-48c9-aaf0-8d1869a1bebc,1752.7509458586574
320,b28c723b-6308-426a-a03a-8d1f9267ea9e,3149.90139067173
321,14dd4248-dac7-4584-b0e4-8d25a1e72d24,3462.0361503362656
322,66dc46f7-cf35-4d62-ad58-8e23c10d2cc3,5928.211587667465
323,9884e4a6-2ce4-485b-913d-8e75c7779302,3586.4157910346985
324,dacad90c-9057-42e9-8ec8-8f3fe69293b3,2497.5067087709904
325,be24280b-3eb6-4a6d-861c-90275e8ba270,4016.0520766973495
326,a83be036-6c68-4194-bf59-90394faf98d5,2956.7879555225372
327,4274d56e-dfd2-4216-922b-907c4bba6772,2216.674243491143
328,8e9dc2b7-8b16-44ed-8774-90a0915f457e,3344.940405845642
329,8efb537c-5e2d-4267-8fc6-90b280d1adca,3762.722478747368
330,e68d7013-5b25-473a-993d-90c16e6047ad,5016.92316865921
331,6a974eaa-0692-4bbd-b64d-90e347621512,1802.4296387843788
332,60b801ae-cfaa-43e8-8d91-91bdb3b216a4,2701.3291364759207
333,c5611bc8-bdb7-4245-8465-91ded2273592,3699.930861711502
334,3ccb8813-62a8-4136-b7cd-923a55f34174,4450.701407194138
335,4be2cec4-b963-41b2-94ac-935a2b40b6a3,3456.1707203388214
336,9f8c4b9c-80e1-48b2-af6b-9388dfa4331c,6087.37055182457
337,43ef53e2-f601-45c9-b05e-938920fa7e03,4486.514112710953
338,ea05d47c-d823-45a8-9ed5-93c7b1c8c159,3749.2772912979126
339,ef63a522-79a4-40e9-8837-94c6b36f6bfc,1587.744390482083
340,d823ee77-5c7b-47c1-ae86-9593d340a3c5,4841.318398237228
341,c1c6e9fb-cbac-4cf1-bddb-97679da9fd35,2351.4808816611767
342,644ab665-29a5-4e74-aa40-98fc7e354d63,
343,815c4c63-bbda-46dc-ae9e-9957430b0d68,2821.6574990153313
344,356850a9-928a-4bab-b6ff-9a9e07f4ac3d,3390.741784930229
345,f4089d3b-a313-4a7e-8432-9aa2441cd87d,5750.753340482712
346,60081b82-463a-43fc-ac41-9af2d89cac7f,3475.7166657447815
347,576be21b-e872-4bcc-b397-9b1fd582de22,1670.4692866709083
348,8824571e-c53b-4c21-a027-9b48ae1ed697,2692.2786244153976
349,b7d88cb2-9519-4c01-bee9-9bdd0976b842,1157.9001890551299
350,427cb26b-1b24-4c85-9cce-9cd6e75a5b6c,1691.5471529178321
351,2d7970d8-ac07-4196-9dd7-9d53fdcc5c1c,4903.860409975052
352,8b12c84c-7900-4157-9607-9d610c2c26ca,1910.237013053149
353,19e86cdf-083f-4f4f-a059-9d8caaa71132,5355.767295360565
354,19e86cdf-083f-4f4f-a059-9d8caaa71132,
355,5a7076c4-3897-42c7-8043-9e29e130c5c9,4185.920400619507
356,caf247f7-3e79-4c7f-8641-9ebdd3dce10a,5013.745182991028
357,213b176e-d8ae-462b-8a2a-9ef7f9e07013,3273.133622646332
358,69223375-20d8-4a45-833f-9f3cb452d2a6,3744.1700460910797
359,5feab01a-d42f-4d29-8c9e-9f5013daa027,1801.0799621529877
360,a6c44ac9-3732-468b-8394-9fd72bf7e029,2183.0753134526312
361,c224e369-a729-43e8-a27d-a08d9349a9ce,3519.5166264772415
362,a701e1f6-8261-4483-aeae-a0da607181bc,1601.6932813189924
363,74554a4c-4e92-4e8e-a103-a0eef6bc4cbb,2455.086388785392
364,4a293767-3696-4678-9abd-a14f773fd8e9,1709.291502026841
365,c6eca7fa-d648-41b5-b20b-a1741f6d0308,6612.4594123363495
366,5dcaaf6c-8734-4228-b09d-a203caf4213d,1819.592347830534
367,8bc8ad35-97c2-4c5a-b06c-a20865d1cc94,2121.714207738638
368,7826a8d2-20f4-4924-a69f-a23c1e27ecef,2208.3858607262373
369,28f334f7-0e10-46cd-b560-a29a49c198f4,1797.1961285024881
370,77f0b22d-9c53-4a9d-ab64-a2bad48c57b1,2503.9317733943462
371,f676b12c-304e-40ee-8bdb-a2d7502862c7,3621.888009428978
372,25b3e376-bcfc-4926-9476-a32910a9c5de,3990.709371805191
373,d2efd626-45f5-482b-87bc-a381035288a7,1665.057545663789
374,afb28d8b-9e9a-4e83-9194-a3bd354ed137,3123.0090837478638
375,d96f469b-ee63-4fb1-b525-a43adc42d26c,2805.6891034841537
376,f6dc9db7-9996-4605-88c3-a45d6760f708,5983.027186155319
377,3758d152-7096-4b8f-b000-a4680289afc6,3375.460250854492
378,00fd8bb3-42da-44fe-9618-a565b352c57b,2412.028559446335
379,2508d377-c5bf-4aee-94cd-a56b61903a4c,4804.644740581512
380,834d6c53-9c7f-41a7-aa0b-a67cf9ffbfc2,1969.2192670702934
381,7eeddb9d-3ade-494e-b647-a6afad661de0,6117.096834421158
382,4ab3a7bf-c818-49b5-819d-a7118307b805,3030.7023963928223
383,d380f0b5-b728-4cf4-a4d7-a71d58cff7f8,3704.9744186401367
384,03abb360-5ab5-45e0-a4a0-a76ed8910fc2,2165.255188316107
385,70dec9ae-4da7-4e38-8301-a7a238e0e600,3420.6532131433487
386,d076631a-c8c7-46cc-ba78-a7d60f2a8cf4,3170.9796154499054
387,8a5ba34e-98b2-42dd-8ee7-a83e2fc69efa,2482.254483856261
388,c2adf284-fac0-45f5-b5a1-aa6151dd2e96,1921.4394430425018
389,852defe3-4438-4c6e-929e-ab1ac4f364a4,1940.1955782324076
390,17a88a4a-57b8-4d46-8caa-ab7b2c34a281,3567.2011507749557
391,b906ceca-80ea-4686-baa7-aca740e11513,2504.4780808351934
392,2e0c4284-aa8b-48c4-801d-adc1d977da60,3080.843157887459
393,6c3edadb-3466-4106-9cfb-adf1cc4d6ed0,2626.982091791928
394,d66b23d1-04ca-490d-ad27-ae11032c53ed,3700.6107420921326
395,aba6173d-4413-443a-bddb-ae6d3640ad3e,3330.6490520238876
396,b44c7dce-e826-4a05-959a-af867d4cf45e,2706.211516469717
397,f8cc2a28-91dc-4d46-92e2-b03876060326,4909.537009477615
398,b2d80054-bccb-4b8c-842e-b24a4a3ead65,3190.24890935421
399,672887d7-0883-4f0b-8cc1-b2cd24a85ada,3038.545362353325
400,12f679c6-55f1-4662-a71a-b2f030977073,3702.3271429538727
401,a253056a-2aa9-4284-8cfb-b33c52ad8a70,3743.246896147728
402,dc897e29-86fc-402f-a6fb-b34659a0ad21,3254.655773639679
403,0e1036a6-45fa-4f52-8b8d-b388a4fe66c3,4159.247682452202
404,c07cab2c-34d7-47b8-bbc8-b43b1421ee42,3066.5248004198074
405,e0fa6e5a-8a6a-4ea2-a984-b45b156c5d45,3016.789071917534
406,c86daa63-c108-4341-8940-b621b4500305,2088.9975401088595
407,89b11b07-5c3f-459a-819f-b6bc20330510,1890.0289992019534
408,d19dd161-c290-4364-aca9-b6eb3738f3c9,3151.926456928253
409,385575f5-2241-460f-8d87-b749967af0af,2882.592683196068
410,0eb95ce7-5aba-40dd-9be8-b772924af75d,3409.9461616277695
411,64c10749-b7c8-4dc5-8f9d-b7f1002c8dea,4079.4951524734497
412,18433152-d0de-4707-9e47-b969094ca48e,2517.2618212103844
413,ebddf3e7-79fe-42e2-9ade-ba435b8f8115,4973.362617015839
414,018ecc3b-cfcc-40d0-a1a2-baf369baac27,3249.3615963459015
415,29943294-5694-4970-bb39-bc5282aa2c11,4227.491862893105
416,94c563de-83bd-486b-8a82-bc52f59eb3f2,3664.017032980919
417,0005a1de-b1a0-4c0c-9712-bcc2ff4a6bd5,1836.9325595796108
418,594762bf-fecb-41fe-b707-bd5a665388e1,2928.4683134555817
419,0a7a8173-6417-4096-9ab5-bdaaa01f76d5,2814.570468068123
420,a1129efe-6b30-404f-a0af-beae2b83eb76,2393.3074207901955
421,88902c71-6776-42a7-84bf-bee0bf202beb,1798.764224473387
422,dd1b71bf-43a1-44aa-bddb-bf150ab037b3,4379.967625141144
423,f5bbd333-6786-4273-b51d-bfc53ba503f4,4920.56936788559
424,5e827ec3-782e-4627-beaf-bfe1ba7c1ec5,3673.7254532575607
425,18602e43-f0f6-460b-9b05-bff037f87b45,1720.6686689332128
426,b77ef6b1-69e6-4c99-9c3f-c01b4d443131,3500.7493011951447
427,55c11c9d-57ae-4821-aa71-c03d174ef4c8,3974.0976758003235
428,3bd84f5f-3f9f-4431-808e-c03f401b72e2,3005.3198726177216
429,eeaff7fd-c7b6-448c-a323-c05dfc35b23e,2480.2588284015656
430,813328b0-58e7-4aa4-b5f6-c0fe8afbd7ed,3083.9077862501144
431,fce2db74-28a4-4eac-95a6-c1269270601c,4236.677114367485
432,a85c907c-6960-43f9-b93e-c145db39ec5f,4007.4611139297485
433,a85c907c-6960-43f9-b93e-c145db39ec5f,
434,14ab2016-c5fc-4303-bea1-c17a53ba1199,2802.568018913269
435,f887ee77-44bd-4ee2-acd8-c1e2b5017200,3013.402208209038
436,1036cd12-c222-4eff-963f-c1e4307d3b88,3440.5940103530884
437,8acc95da-6b1d-4979-89a7-c2358b54438c,2171.680778607726
438,3305e947-6dbe-43ed-9e6e-c357f4c93b45,4880.409863233566
439,75e94b37-d0ed-4eee-920e-c3f359aae221,4231.545679330826
440,f63eee2e-d74a-4bab-8cae-c3f4f0cdf406,2123.633344039321
441,b99fe77a-2343-4294-a2dd-c3fd9628a34c,2987.110844016075
442,7786df21-4a2e-4e98-980e-c473f0692195,2986.716973900795
443,980e94bc-9708-40f2-b4f8-c6725f731d76,1786.3099074326456
444,4154bbee-b247-45dc-9574-c67b614c633b,4094.1276099681854
445,86c75d02-d019-494d-b8f6-c75611da88d8,3027.4412446320057
446,01ef04b8-1e51-41ae-b24d-c77adebfdf27,1680.397013572976
447,b3ebbae5-3843-4f7e-b048-c7aa5517eb62,2761.2173849344254
448,78b2352d-66cb-4b76-af6e-c7cec7b87a29,2613.9845176897943
449,7a3ee4fb-6b78-45e2-bcf4-c7e8ef5811cf,3104.7954483032227
450,786adff9-0134-45b2-891e-c8ccd3402dc5,2145.645949162543
451,41906cd0-9b8d-427c-b055-c956d9c13b32,2453.971934199333
452,cfa0b7d5-262f-4f16-bb23-c9bc7119d2d5,2864.377874493599
453,45f3a4bf-5e9e-4a19-9eb1-c9d66609cd8c,3031.081708550453
454,39da523b-9b8c-4f03-9651-c9d92759261f,2529.8536589592695
455,929d799e-5e95-474c-ab16-ca2bec543d14,3529.0911420583725
456,9d084ea2-3b5d-4741-9e2e-cab74f873966,1917.7863544523716
457,05a4d9d1-2c0e-4ce4-9e6d-cae7b3d11e39,1748.2067078389227
458,3c095ece-5231-46dc-acc2-cae7ecb1c39c,2777.51551258564
459,51a14db7-c406-4947-b3be-caf31ebf10af,2620.8023936674
460,7ec60331-45a0-4e5d-9b0c-cbb79880321b,4176.171706914902
461,0139630a-bafd-4bd0-b411-cbe5f6912737,2782.761119246483
462,e138524f-efac-4f5c-9429-cc6553d0950b,2556.3624009005725
463,1b8c85f3-3edc-4b06-9810-cf7af18ce22c,1781.233914617449
464,de548206-c337-4c1a-a42b-d03dcf391a05,3515.8105511665344
465,f4d08ec1-8f1e-40f9-af3a-d078064f1088,1865.0039325729012
466,a3fd4168-0808-40fa-9f85-d095b2e51a36,3875.66186106205
467,f450c386-b9aa-49b4-864b-d0aa578c5927,2533.7309896945953
468,7d9cfcbe-e375-41b0-b46f-d0c5c1f4ba31,2944.023067712784
469,e6a957ee-22a9-4692-ba06-d1211d039e90,3787.0796749591827
470,717fe65e-7498-4776-afdb-d1af26f876a6,2206.525471933186
471,51929f9b-70e6-443c-937a-d1c6015b9ec2,2180.404763597995
472,f9664116-ee65-4908-a4be-d1e4693e66e5,1992.6214105524123
473,d883d4b3-03f0-4414-9b8d-d33e7d97d897,1707.1526553556323
474,97c55fe1-9164-40e9-bb9a-d387232818f8,2178.956580158323
475,ac5e78ed-fa93-4c38-b38f-d604f70e08b5,2183.893627997488
476,0da15dd9-405f-4e8c-9fd1-d61515d42cb8,3158.1646186113358
477,5340ccbb-db9b-402a-9fee-d6265fb13796,4688.000772476196
478,1c0aed4c-9c7b-4a99-80e0-d65906cbaa83,1815.5193725824356
479,e9cf94a8-c73e-472f-87d4-d6df64cfa1df,2699.348618388176
480,8335c90e-e5f1-45c7-abbb-d6f2c616e55f,3006.047601699829
481,0d67533c-c3de-4ca9-a728-d82f3ee96a98,3504.959204673767
482,234651f3-e7da-4047-b1f0-d95ec7629ad5,1824.7374492380768
483,54205ab4-e58d-4d26-828b-d96b7009c32e,
484,e8529648-511e-4e1d-a46b-d9f3379c5246,2371.638336867094
485,1ab8b15e-b18c-4ce0-80dc-da40a029289e,3790.2261937856674
486,6a586017-7f80-40e1-b3e3-da73a42ecf55,6631.609982728958
487,20fc982a-1ea2-42fd-a2f1-daf564ce1e5f,3372.8133240938187
488,2672eaf4-fdf5-46f3-9f81-dc6b60605212,1962.036030177027
489,9a8281e2-ecf7-443b-9a08-dcdaed21347d,3743.7617963552475
490,ae960d99-184a-4279-adab-dcf5d664ffda,2192.7666784580797
491,0ec8d342-833d-4dac-a8e1-dd1ab5535bd8,2606.734900193289
492,79634954-aa18-4124-b5d3-dd315e5812e2,3543.6018676757812
493,592c0ef3-2239-4d8f-9d28-dd94d6633825,2837.061732441187
494,f0b3efd0-5533-4d40-87ef-ddb23c2767b2,3264.5964111089706
495,5f150ce4-dbcc-4cbf-9adb-dde8d4c05aba,5806.197058439255
496,1fd0f0e2-b124-4fa2-8af4-de288a8f366e,4256.51518201828
497,5beaf4a9-45da-4f8d-a97f-de5c616c0ed0,1691.9824777133763
498,3c0b0885-07f2-4594-85a2-de8101e827ab,3237.734261393547
499,89047c9b-b64c-4839-80c5-de8d47312c7e,2926.8479187488556
500,224cdb86-9bae-48df-a24f-def3a0a2c46b,3862.295032978058
501,135bbc9b-6832-4e65-8eb7-df47da7ef9b7,2001.4129745662212
502,b4a75182-7490-4605-be2e-df8d7da4282f,3567.3106306791306
503,697d2d95-0f76-42d5-861f-e0db41474eac,3047.0033210515976
504,e7cfda73-f3cc-4c93-ae7f-e220183aa087,3032.249081969261
505,ab2d4169-0e32-4056-9d85-e25f8a0bf18c,4426.237658262253
506,90ce59da-459a-42b4-a0aa-e35982ee91fc,2661.362639904022
507,b230d271-e438-4bc6-b2cb-e389c5f0685b,3381.853748202324
508,3c0d4b25-a937-4e6e-a368-e504beaec9da,1664.9452944863588
509,8012f310-1e2b-4299-ab17-e526bb68920b,3435.119047641754
510,4b9d5ee8-bf94-4e50-9682-e59e935656d0,1806.8154222592711
511,83dcddd9-64c8-42d1-8dfc-e5da02632688,2900.9515719413757
512,b84808d4-8931-4284-9dca-e77ccaea51b0,2583.758905475959
513,b84808d4-8931-4284-9dca-e77ccaea51b0,
514,8dbdaf40-0c1f-42fe-b16b-e83e7a6b60f6,2620.8373128920794
515,d362becb-9692-48a2-b24b-e8afe3930184,4241.1731588840485
516,58aac877-a511-491d-8b3f-e907cdaacebe,2926.126958101988
517,409e1b0b-d284-4a23-9129-e90c4fc0b792,3104.25719794631
518,91d3baaf-0c2a-4606-a9ca-e9a8b53f8d4d,3399.400022149086
519,2810e0e8-0d12-439b-8714-e9fb231d3678,3188.213479757309
520,b1aeb2dd-73b6-4e80-8a1c-ea500f9d87c9,1665.6631837580353
521,0ea9b674-c6c0-453d-9d1d-ea52b8f2dc9e,4056.523342847824
522,eb779261-976f-40c1-8329-edd70cb59c99,2475.5261311605573
523,2c863825-83ab-48a8-a806-ee57d3b0ed2b,3477.630357503891
524,13efa976-2715-4dd4-860d-f09491e7eb3f,2096.6351725570858
525,56f36f6c-9994-43f3-9007-f0c14daf14da,3230.306005358696
526,2d35bf33-0b52-4e5d-9465-f192ba6deebf,2600.3256428837776
527,9166b73f-355c-4e2c-a7ae-f1a466730276,2214.4817327298224
528,c3c0b9a8-6b3c-46ce-a165-f1a74cd32f2b,2906.88528072834
529,2b3dc794-873c-48c7-837c-f1c11bb97364,3324.6163053512573
530,0f25585e-68f3-4338-a0b3-f1c36e13f1b9,
531,1a17464f-4ce7-4d01-bd3e-f1f0cb135fe8,4349.249800086021
532,bcac47bf-20b0-46ed-a28e-f259668baf93,2875.4651135206223
533,e6873578-7e4d-4e04-a7c4-f2dc21815b9f,2498.593428224325
534,7d118324-b82f-4458-8a72-f323e7bbeaff,3003.7086149454117
535,25eb093d-1e04-412f-a3be-f328f871685a,4030.2336510419846
536,d4de98b0-75af-463a-a4f1-f353748b00b2,
537,a09a11ff-41eb-433f-a6da-f4304fc3f4e5,3637.746922850609
538,5f9bdc65-c045-46d2-b987-f4d0f4789c0a,4080.3608115911484
539,a8bb2035-06a0-49ba-aef6-f4f9712ab024,3212.073060631752
540,4facb2ad-501c-414b-9531-f60783814e82,4441.460391044617
541,04e668c0-e11d-44e8-8ee3-f6154b129f86,4194.800117254257
542,6b9258c0-db10-43f1-8803-f6b376104178,1808.8827082365751
543,29f15794-837d-4393-b8c2-f72a55aed39a,4075.333832859993
544,8e124ac0-7326-4de2-8388-f7deb8a91623,2540.246513646096
545,240ab88c-e7ab-4317-8e95-fa87a8500332,3145.477432489395
546,ee0eeb09-a390-4774-9146-fadd1a7d487c,4375.38409280777
547,4d373723-33ef-420b-94d7-fb29150661b6,
548,dcac9f3a-41d8-4d64-b2a6-fba2cf8d47b6,2494.2615831792355
549,88fced76-f389-469d-926f-fc0b73ca5feb,1941.129679068923
550,ed9970da-989d-42ea-a79b-fc25af8ee9c5,1648.490738261491
551,a0f4aae4-6a67-43c2-85e1-fc382e3a7100,3050.7075897455215
552,1ed1e80e-28cf-475a-8b54-fc5148b94c6a,2086.4888390414417
553,29620908-8470-4c21-b9dc-fc76be9e08fc,1831.6896043587476
554,c9163da3-6dbf-4f8c-9174-fca675abb586,2624.532247066498
555,aaa12c1e-875a-44e3-90d8-fcef63ceab80,2785.68689763546
556,7944165b-814a-442b-80a4-fd188cc16f52,2931.9695291519165
557,3a3f283e-f7f1-477a-ba19-fd50f311dba3,2878.874412059784
558,7341f0c1-d066-4379-8a96-fd6baf55c347,5291.376079797745
559,1ffbc894-9192-48ca-91c6-fd724087f909,2483.616818577051
560,a166db0c-e296-45f6-ae2f-fe44ff0fc9e9,2161.1217566803098
561,261f583f-faf3-48f9-954c-ff912773b876,4908.734946489334
562,5ebc28a8-7415-4c43-9554-ffb14cdf534c,3743.4117134809494
563,196eccc6-82f1-4d06-8b49-ffb152f848b3,5814.322427511215
